bootstrap,band_size,loto_mean_band_rank,loto_mean_rep_rank
0,5,0.2363914569587233,0.235
1,4,0.2423436533704391,0.2546938775510204
2,7,0.2317584458595468,0.2415306122448979
3,6,0.2484506802721088,0.2490816326530612
4,5,0.2526480806608357,0.2368367346938775
5,3,0.2534828385899814,0.244795918367347
6,4,0.2331547619047619,0.2554081632653061
7,8,0.2129635568513119,0.2180612244897959
8,6,0.2252524295432459,0.235
9,5,0.2473575680272108,0.2958163265306122
10,5,0.2312610395035207,0.2706122448979591
11,4,0.2443950913698813,0.2424489795918367
12,5,0.2249251700680272,0.2451020408163265
13,8,0.2246756559766763,0.2783673469387755
14,7,0.2186030126336248,0.2313265306122449
15,4,0.2438265306122448,0.2507142857142858
16,3,0.2464723032069971,0.2342857142857143
17,4,0.2351290854687739,0.2462244897959183
18,2,0.2505816326530612,0.271938775510204
19,5,0.2319368131868131,0.226734693877551
20,4,0.2478633786848072,0.241734693877551
21,7,0.2264875099390405,0.2710204081632653
22,6,0.2496712018140589,0.2691836734693877
23,5,0.2427991407089151,0.2960204081632653
24,6,0.2517271908763505,0.2962244897959183
25,6,0.2528780921459492,0.2628571428571428
26,9,0.226566149836558,0.2407142857142857
27,6,0.2508821543655056,0.2780612244897959
28,8,0.2429065061922205,0.2174489795918367
29,1,0.2492735042735042,0.2575510204081633
30,4,0.24643475572047,0.2431632653061224
31,8,0.2152276408398857,0.2218367346938775
32,3,0.2687594752186589,0.2679591836734694
33,1,0.2568564139941691,0.2642857142857143
34,2,0.2730918367346939,0.2975510204081633
35,6,0.227746720116618,0.2605102040816326
36,7,0.2366383219954648,0.2621428571428571
37,4,0.239884110787172,0.2442857142857143
38,6,0.2239081923942172,0.2179591836734694
39,6,0.240860544217687,0.225
40,5,0.2573631762228701,0.2622448979591837
41,4,0.2295416666666666,0.2435714285714285
42,6,0.2402630385487528,0.2586734693877551
43,4,0.2413791820424473,0.2315306122448979
44,4,0.2417261393279116,0.2662244897959183
45,4,0.2467910779696494,0.3001020408163265
46,5,0.2352325845922784,0.2280612244897959
47,3,0.25323920722135,0.2516326530612245
48,4,0.2388873906705539,0.2446938775510204
49,7,0.2275133096716947,0.2125510204081632
50,5,0.2311763848396501,0.2616326530612245
51,2,0.2651509408958389,0.2845918367346938
52,9,0.2300539282146425,0.2171428571428571
53,2,0.2596924198250728,0.2704081632653061
54,2,0.2495238095238095,0.2643877551020408
55,7,0.2360677842565597,0.221938775510204
56,5,0.2302624529665345,0.2262244897959184
57,4,0.2440238095238095,0.2272448979591836
58,4,0.2811914480077745,0.3121428571428571
59,4,0.236266306522609,0.2630612244897959
60,8,0.2379538092293194,0.2325510204081632
61,5,0.2330483920841063,0.2710204081632653
62,7,0.2354132653061224,0.2016326530612245
63,7,0.217984693877551,0.2362244897959183
64,10,0.2249639306271959,0.2474489795918367
65,5,0.2253220580439968,0.2479591836734694
66,4,0.2460981535471331,0.2404081632653061
67,6,0.2204995619459905,0.2496938775510204
68,5,0.2292114512471655,0.2051020408163265
69,7,0.2232595562034337,0.2215306122448979
70,8,0.2342921930677032,0.2168367346938775
71,6,0.2481313775510203,0.2292857142857142
72,6,0.2486407344892844,0.2256122448979591
73,4,0.2480424026753558,0.235
74,6,0.2379174702848172,0.3108163265306122
75,0,0.264562074829932,0.2940816326530612
76,3,0.2480983302411874,0.2865306122448979
77,6,0.2254327826368642,0.2213265306122449
78,4,0.219304664723032,0.2421428571428571
79,3,0.2471508746355685,0.2688775510204081
80,7,0.2262352825745683,0.2330612244897958
81,6,0.2246350078492935,0.2058163265306122
82,7,0.2179755830903789,0.2176530612244898
83,5,0.235634110787172,0.2283673469387755
84,7,0.2304557823129251,0.1923469387755102
85,1,0.2645986394557823,0.291938775510204
86,4,0.2474212685074029,0.2477551020408163
87,5,0.2563079777365491,0.2611224489795918
88,2,0.2499566969645001,0.2619387755102041
89,2,0.2544544055717525,0.2536734693877551
90,6,0.2544422769107643,0.2256122448979591
91,4,0.249697236037272,0.2383673469387755
92,5,0.2327897510652612,0.2588775510204081
93,1,0.2964925788497217,0.3165306122448979
94,2,0.2543996169896529,0.2496938775510204
95,3,0.2335860526028593,0.2602040816326531
96,7,0.220628896103896,0.2445918367346939
97,8,0.2330839674473214,0.2474489795918367
98,4,0.2332792604221176,0.1854081632653061
99,9,0.2138664965986394,0.2230612244897959
100,4,0.2332874149659864,0.238469387755102
101,5,0.2333928571428571,0.2364285714285714
102,3,0.2598765792031098,0.3068367346938776
103,8,0.2243367022999676,0.241734693877551
104,3,0.2505680118201126,0.2498979591836734
105,5,0.240360544217687,0.2604081632653061
106,5,0.2502074829931973,0.2712244897959184
107,4,0.2364948979591837,0.273265306122449
108,5,0.2289030612244898,0.2720408163265306
109,5,0.2217694363459669,0.2201020408163265
110,2,0.2574399092970521,0.2612244897959183
111,3,0.2606469671201814,0.2513265306122448
112,7,0.2270797529538131,0.2509183673469387
113,4,0.2453782670963122,0.231734693877551
114,6,0.2280358431251288,0.2385714285714285
115,3,0.2557848139255702,0.2591836734693877
116,4,0.25903231292517,0.2768367346938775
117,5,0.2394290573372206,0.2789795918367347
118,2,0.2476120626822157,0.2070408163265306
119,3,0.2646778425655977,0.2839795918367347
120,6,0.2210489148040168,0.2063265306122448
121,7,0.2423335762876579,0.2254081632653061
122,1,0.2731139455782313,0.2731632653061224
123,6,0.2252076987391983,0.2139795918367347
124,5,0.2374821428571428,0.221734693877551
125,10,0.2179916512059369,0.2639795918367347
126,4,0.2280662264905962,0.2260204081632653
127,5,0.2332879818594104,0.2661224489795918
128,6,0.2526761418853255,0.2762244897959183
129,9,0.2352747956325387,0.2491836734693877
130,5,0.2501360544217687,0.2890816326530612
131,5,0.2450408692185008,0.2382653061224489
132,3,0.2484422983479105,0.2582653061224489
133,3,0.2563111471861472,0.2279591836734693
134,2,0.2531746127022237,0.2845918367346939
135,6,0.2287871572871573,0.2520408163265306
136,3,0.2416063698206555,0.2541836734693878
137,6,0.2241759560967244,0.235204081632653
138,3,0.2723316326530612,0.2741836734693877
139,4,0.2525993351886209,0.2204081632653061
140,7,0.2326621408636714,0.2236734693877551
141,6,0.2462615329532622,0.2846938775510204
142,5,0.2292286914765906,0.2333673469387754
143,7,0.2206612222811202,0.22
144,7,0.2200599655446594,0.2430612244897959
145,2,0.2677917660570722,0.271734693877551
146,4,0.2335062358276644,0.2461224489795918
147,5,0.2444145408163265,0.2814285714285715
148,6,0.248983987101334,0.2113265306122449
149,7,0.2272084548104956,0.2224489795918367
150,7,0.2245110544217687,0.2305102040816326
151,6,0.2348793326854551,0.2815306122448979
152,7,0.2328370848339336,0.248469387755102
153,5,0.2243008658008658,0.3044897959183673
154,4,0.2579227736549165,0.2301020408163265
155,4,0.2353775146422205,0.2535714285714285
156,3,0.250588192419825,0.2355102040816326
157,1,0.2732707173778602,0.2780612244897959
158,8,0.2306553692905733,0.2474489795918367
159,6,0.2394869246399859,0.3021428571428571
160,3,0.2553048469387755,0.2631632653061224
161,6,0.2325297619047619,0.2085714285714285
162,5,0.2433286951144093,0.2948979591836734
163,5,0.2385786237571951,0.2253061224489796
164,5,0.2493589743589743,0.23
165,5,0.2288647959183673,0.2311224489795918
166,4,0.2551384329955758,0.2809183673469387
167,6,0.2352113842789863,0.2691836734693877
168,6,0.2484402260904361,0.2689795918367347
169,4,0.2429772467993408,0.2475510204081633
170,4,0.235224547337732,0.2309183673469387
171,5,0.2263259637188208,0.2287755102040816
172,4,0.2320770975056689,0.2385714285714285
173,4,0.2522300114851135,0.2581632653061224
174,5,0.2213779665712438,0.2337755102040816
175,2,0.2634632034632035,0.2711224489795918
176,4,0.2388180272108843,0.2556122448979592
177,8,0.2339913751214771,0.2945918367346938
178,4,0.2441571342822843,0.1928571428571428
179,7,0.2150267924630169,0.2266326530612245
180,6,0.2273159620991253,0.2166326530612245
181,5,0.22605557028006,0.2056122448979591
182,6,0.23328231292517,0.2593877551020408
183,4,0.2357560296846011,0.2460204081632653
184,5,0.2284994331065759,0.2564285714285714
185,6,0.2291541950113378,0.2319387755102041
186,4,0.2356874613481756,0.255
187,4,0.2458538832199546,0.2592857142857143
188,5,0.2277803264162808,0.2166326530612245
189,6,0.2299866375121477,0.2254081632653061
190,6,0.2466505709426628,0.3111224489795918
191,5,0.2211454081632653,0.206734693877551
192,2,0.2411647230320699,0.2622448979591837
193,2,0.2453126635269492,0.2661224489795918
194,4,0.2386657390228819,0.213469387755102
195,4,0.2403843537414965,0.2561224489795918
196,6,0.228176241275731,0.2066326530612244
197,7,0.2279582866113478,0.2365306122448979
198,9,0.2230460472067615,0.2489795918367347
199,5,0.2406678814382896,0.2766326530612245
200,8,0.2346793376691336,0.2944897959183674
201,4,0.2540767735665695,0.2705102040816327
202,8,0.2193964609653385,0.2564285714285714
203,6,0.2347819165260088,0.2428571428571428
204,8,0.2225457195865359,0.1965306122448979
205,4,0.2342091468622081,0.2256122448979591
206,9,0.2115132741408251,0.2043877551020408
207,6,0.2245683106575964,0.2296938775510204
208,6,0.2239549319727891,0.2633673469387755
209,5,0.2295826044703595,0.2359183673469387
210,5,0.2256603114930182,0.2692857142857142
211,4,0.253694120505345,0.258469387755102
212,9,0.2267128279883382,0.2283673469387754
213,4,0.2388860544217687,0.2320408163265306
214,4,0.2409737609329446,0.2141836734693877
215,4,0.2544940476190476,0.2668367346938776
216,9,0.2404699828649408,0.2372448979591836
217,7,0.2197793532997614,0.2123469387755102
218,8,0.2303325774754346,0.2249999999999999
219,5,0.2285494092373791,0.253673469387755
220,5,0.2385992063492063,0.2161224489795918
221,7,0.2267727743271221,0.256530612244898
222,9,0.2243027210884353,0.2276530612244898
223,3,0.2542400388726919,0.2697959183673469
224,5,0.2319832169709989,0.261530612244898
225,5,0.2282551020408163,0.2466326530612244
226,8,0.2145889258134156,0.2306122448979591
227,4,0.2501269988514886,0.2705102040816327
228,6,0.2463960155490767,0.2843877551020408
229,7,0.2166972016079159,0.2179591836734694
230,6,0.2366305658627087,0.211734693877551
231,2,0.2561263362487851,0.276938775510204
232,5,0.2393767890272992,0.2582653061224489
233,2,0.2613197278911564,0.2918367346938775
234,5,0.2319368131868132,0.226734693877551
235,5,0.2384189870280095,0.2226530612244898
236,3,0.2764959445316588,0.2935714285714286
237,4,0.2324322764820213,0.2410204081632653
238,7,0.2216980740348087,0.2593877551020408
239,4,0.2363796768707483,0.2347959183673469
240,2,0.2456632653061224,0.2597959183673469
241,7,0.230210560414642,0.2446938775510204
242,5,0.2261371882086167,0.2237755102040816
243,7,0.2506721611721612,0.283673469387755
244,2,0.2567134353741496,0.2544897959183674
245,6,0.2368247851772287,0.1846938775510204
246,4,0.23996968787515,0.2365306122448979
247,9,0.2273801130841947,0.2244897959183673
248,2,0.2456355813001892,0.2472448979591837
249,6,0.2443532555879494,0.25
250,5,0.2405648259303721,0.2286734693877551
251,3,0.2590635435992579,0.2741836734693877
252,7,0.2384209183673469,0.2012244897959183
253,2,0.2425425809421513,0.276938775510204
254,5,0.221046459492888,0.2364285714285714
255,2,0.2699897959183673,0.2927551020408163
256,4,0.2358137755102041,0.2145918367346938
257,10,0.2083466590099243,0.2283673469387754
258,8,0.2255555555555555,0.2316326530612245
259,3,0.261594387755102,0.2951020408163265
260,8,0.2208412293488824,0.2374489795918367
261,6,0.2429532920310981,0.2579591836734693
262,4,0.2488057222889155,0.2990816326530612
263,5,0.2299335924846128,0.2082653061224489
264,5,0.2487555541697198,0.2505102040816327
265,6,0.2386011904761904,0.2731632653061224
266,2,0.273268221574344,0.2641836734693877
267,8,0.237240578771191,0.2172448979591836
268,4,0.2351667809981135,0.2325510204081632
269,2,0.2664081632653061,0.2995918367346939
270,6,0.2450192934316584,0.255
271,6,0.2287836398295581,0.2272448979591836
272,4,0.2593901846452866,0.2779591836734694
273,4,0.2389311482168624,0.2446938775510204
274,8,0.232701166180758,0.2948979591836734
275,3,0.2402116038723181,0.2268367346938775
276,7,0.2278563330093942,0.2014285714285714
277,4,0.237892628913037,0.2507142857142857
278,5,0.2216486291486291,0.2094897959183673
279,4,0.2584676870748299,0.2640816326530612
280,7,0.2345296404275996,0.2938775510204081
281,8,0.2223974046140195,0.2883673469387754
282,2,0.2698014842300557,0.2906122448979592
283,1,0.2646701334379905,0.2773469387755102
284,7,0.2272722708130871,0.2447959183673469
285,5,0.2472654576000441,0.2829591836734693
286,3,0.2733918632388019,0.2840816326530612
287,6,0.2427408236021681,0.2705102040816327
288,8,0.2207095444238301,0.2206122448979591
289,5,0.2321355205616081,0.2631632653061224
290,5,0.2296959728867623,0.1931632653061224
291,6,0.2368618399740849,0.2327551020408163
292,1,0.2873268398268399,0.2801020408163265
293,7,0.2386201814058957,0.2337755102040816
294,4,0.2431397174254317,0.266938775510204
295,8,0.224781398725498,0.2207142857142857
296,1,0.2633393838304552,0.2708163265306123
297,4,0.2409588502067494,0.3080612244897959
298,4,0.2495166828636216,0.2911224489795918
299,3,0.2567186588921282,0.313469387755102
300,9,0.2241201315691111,0.2618367346938775
301,7,0.2369373582766439,0.2265306122448979
302,4,0.2614803206997084,0.2910204081632653
303,8,0.2219126111983254,0.2014285714285714
304,7,0.2264379002516757,0.2378571428571428
305,3,0.2576043378390317,0.2518367346938776
306,4,0.2406046347110272,0.2472448979591837
307,4,0.2408160688517831,0.2810204081632653
308,4,0.2416861030126336,0.2480612244897959
309,4,0.2429747732426304,0.2775510204081632
310,5,0.2374029611844738,0.2320408163265306
311,2,0.2498922902494331,0.2764285714285714
312,4,0.2497180483915178,0.2854081632653061
313,4,0.2294094931205565,0.2354081632653061
314,6,0.2157604382332643,0.2563265306122448
315,6,0.2349665104136893,0.2325510204081632
316,4,0.2490631681243926,0.2416326530612245
317,8,0.2190759637188208,0.2247959183673469
318,7,0.2395549886621315,0.2342857142857143
319,7,0.2234844803722354,0.2080612244897959
320,1,0.2794053287981859,0.2889795918367347
321,4,0.2231811555791147,0.2188775510204081
322,4,0.2292431972789115,0.2647959183673469
323,5,0.2402027176785501,0.2710204081632653
324,3,0.2396294946550048,0.2362244897959183
325,1,0.2832578849721707,0.3088775510204081
326,5,0.2425344001236858,0.1903061224489796
327,4,0.232443466397548,0.2229591836734694
328,7,0.2286775510204081,0.235
329,7,0.2385426789763524,0.2768367346938776
330,4,0.2358951247165533,0.2235714285714285
331,5,0.2329761904761905,0.240204081632653
332,5,0.2263255587949465,0.2108163265306122
333,5,0.231768560237948,0.225
334,6,0.2363486303612353,0.2163265306122448
335,9,0.2210381880024737,0.221734693877551
336,5,0.2313636131144186,0.2516326530612245
337,4,0.2459771181199753,0.2404081632653061
338,4,0.2439774862325882,0.2460204081632653
339,3,0.2409821928771508,0.2498979591836734
340,2,0.2639107142857143,0.276938775510204
341,6,0.2426358114674441,0.2670408163265306
342,4,0.2569115646258503,0.2910204081632653
343,5,0.2464271697690065,0.2714285714285714
344,4,0.2566342229199372,0.2475510204081632
345,6,0.2436803530936183,0.2801020408163265
346,8,0.2284477264590046,0.2528571428571428
347,4,0.2445408163265306,0.3002040816326531
348,5,0.2407172154576116,0.2570408163265306
349,7,0.2231941460794844,0.2139795918367346
350,3,0.2431269623233909,0.2424489795918367
351,7,0.2314246031746031,0.2261224489795918
352,4,0.2522233560090702,0.2590816326530612
353,4,0.2284642857142857,0.2376530612244898
354,5,0.2442470238095238,0.2360204081632653
355,6,0.2344282474894719,0.2362244897959184
356,5,0.2222012766145419,0.2590816326530612
357,1,0.2513827745383867,0.238673469387755
358,2,0.2492150017901897,0.2715306122448979
359,5,0.2258330572488735,0.228469387755102
360,0,0.2828456305599163,0.3007142857142857
361,3,0.233779964366699,0.2146938775510204
362,2,0.2613069727891156,0.293265306122449
363,7,0.2217495316967367,0.2118367346938775
364,6,0.2242634434726271,0.2512244897959184
365,6,0.2391848072562358,0.2296938775510204
366,3,0.2488552518909661,0.2701020408163265
367,3,0.2383609491415613,0.2863265306122449
368,4,0.2502866861030126,0.2537755102040816
369,5,0.2326823924374944,0.2761224489795918
370,3,0.2534379315636029,0.2756122448979592
371,3,0.2449914965986394,0.248469387755102
372,5,0.2455717525105279,0.2585714285714285
373,2,0.243809174952032,0.2458163265306122
374,8,0.2272381903810475,0.2223469387755102
375,4,0.2324396663427275,0.2859183673469387
376,5,0.2395748299319727,0.2285714285714285
377,2,0.2536678004535147,0.2670408163265306
378,4,0.2546940457501682,0.2612244897959183
379,5,0.2321310418904404,0.2833673469387754
380,9,0.2444488249845392,0.2589795918367347
381,4,0.2538358070500928,0.2566326530612245
382,7,0.2289953470565715,0.2062244897959184
383,3,0.2533513119533527,0.295
384,5,0.2429158806379694,0.2675510204081632
385,7,0.2345719954648526,0.2345918367346938
386,6,0.2590032223415682,0.2573469387755102
387,6,0.2388018707482993,0.2338775510204081
388,10,0.2258423737916219,0.2303061224489796
389,7,0.2288825773580654,0.1963265306122449
390,5,0.2443361273080661,0.2670408163265306
391,7,0.2204114139828425,0.2381632653061224
392,4,0.2685691609977324,0.2605102040816326
393,7,0.2279582866113478,0.2365306122448979
394,4,0.2348061224489795,0.250204081632653
395,6,0.2383546275653118,0.2806122448979592
396,5,0.2367970759732464,0.2532653061224489
397,4,0.2312095876812263,0.2168367346938775
398,5,0.2445238095238095,0.2793877551020408
399,4,0.2442878401360544,0.2420408163265306
400,7,0.2179997539308764,0.2347959183673469
401,5,0.2345032596371882,0.2379591836734693
402,7,0.225829081632653,0.2347959183673469
403,5,0.2469030612244898,0.1973469387755102
404,6,0.2379118033178184,0.2586734693877551
405,4,0.2374384515711046,0.2416326530612244
406,5,0.2429149659863945,0.2757142857142857
407,5,0.2367486573576799,0.2437755102040816
408,4,0.2565602526724976,0.3362244897959184
409,3,0.2717595499738357,0.3033673469387755
410,2,0.2545954810495626,0.2904081632653061
411,5,0.2256065759637188,0.286734693877551
412,5,0.241578231292517,0.2959183673469387
413,6,0.2342274052478133,0.2563265306122449
414,5,0.236939990281827,0.2287755102040816
415,3,0.2608189942643724,0.2889795918367347
416,5,0.2394947502810648,0.2803061224489795
417,6,0.2286075263438709,0.2829591836734694
418,3,0.2598756073858115,0.3163265306122449
419,5,0.2387068288854003,0.2427551020408163
420,4,0.2441571342822843,0.1928571428571428
421,5,0.2498155976676384,0.2289795918367347
422,6,0.2308904730723458,0.2547959183673469
423,5,0.2349121315192743,0.2591836734693877
424,6,0.2383319160997732,0.2540816326530612
425,4,0.2259155328798185,0.2443877551020408
426,4,0.2288214619181005,0.2634693877551021
427,9,0.2135892950586828,0.1955102040816326
428,1,0.2859059392987964,0.3021428571428571
429,7,0.22015660430839,0.2514285714285714
430,5,0.2272735409953455,0.2159183673469387
431,5,0.2306984936831875,0.2546938775510204
432,3,0.2408864795918367,0.2393877551020408
433,5,0.2271985157699443,0.278061224489796
434,4,0.2593968658892128,0.2807142857142857
435,6,0.2328586005830903,0.2329591836734694
436,2,0.2588097739095638,0.2807142857142857
437,6,0.2499277210884353,0.2608163265306122
438,5,0.2312896527031865,0.2137755102040816
439,6,0.218835843861354,0.2251020408163265
440,6,0.2282883995703544,0.2433673469387755
441,9,0.2197220676149247,0.2161224489795918
442,3,0.2513773080660836,0.2412244897959183
443,2,0.2574399092970521,0.2612244897959184
444,8,0.2204425736961451,0.2198979591836734
445,0,0.2704397473275024,0.3040816326530612
446,3,0.2582337220602527,0.2327551020408163
447,3,0.2651005457127906,0.2096938775510204
448,3,0.2622886297376093,0.2716326530612245
449,2,0.2468546136403279,0.2741836734693877
450,6,0.2242416585681891,0.200204081632653
451,4,0.2355442176870748,0.2439795918367346
452,7,0.2405806608357628,0.3006122448979592
453,8,0.224681729834791,0.2405102040816326
454,5,0.2314812030075188,0.2559183673469387
455,6,0.2351077276760506,0.2237755102040816
456,7,0.2261653356994971,0.211938775510204
457,8,0.2292675886143931,0.2497959183673469
458,4,0.2418723679948169,0.2671428571428571
459,5,0.2360772380380723,0.2818367346938775
460,4,0.2437925170068026,0.2776530612244898
461,4,0.2326692010137388,0.2437755102040816
462,7,0.234860644257703,0.2103061224489796
463,5,0.2287653061224489,0.2518367346938775
464,1,0.2600647566718995,0.2712244897959184
465,5,0.2477517006802721,0.2761224489795919
466,9,0.2200844671201813,0.1988775510204081
467,6,0.23511131144187,0.2633673469387755
468,3,0.2636160947895642,0.2689795918367347
469,5,0.2270016491445063,0.238469387755102
470,9,0.2308806431663574,0.2244897959183673
471,8,0.2203276239067055,0.2321428571428571
472,5,0.2277361626468769,0.2564285714285714
473,7,0.2315929189857761,0.2277551020408163
474,1,0.298143475572047,0.3065306122448979
475,4,0.2379035845107274,0.2798979591836734
476,3,0.2504974084872043,0.223469387755102
477,6,0.2330841836734694,0.2201020408163265
478,3,0.2529604205318491,0.2486734693877551
479,5,0.2562473716759431,0.2925510204081633
480,5,0.2266822562358276,0.2407142857142857
481,8,0.2340984031274847,0.1880612244897959
482,6,0.2219254130223517,0.23
483,1,0.2554090743440233,0.2738775510204081
484,5,0.2569714639102394,0.2405102040816326
485,3,0.2456735908649174,0.2737755102040816
486,6,0.2270590010896133,0.2420408163265306
487,5,0.2409829484425349,0.2698979591836735
488,5,0.2361312100597815,0.2413265306122449
489,3,0.2459420214586702,0.258469387755102
490,6,0.2305187074829931,0.250204081632653
491,6,0.2335442176870747,0.2438775510204081
492,5,0.2340382089688877,0.2359183673469387
493,4,0.2595767735665695,0.2772448979591837
494,4,0.2398001700680272,0.2407142857142857
495,3,0.231068104514533,0.258469387755102
496,1,0.2851408472479901,0.2803061224489795
497,5,0.2513383045525902,0.2622448979591837
498,5,0.2370464852607709,0.2631632653061224
499,5,0.2471864643293214,0.2547959183673469
500,6,0.2316116791371893,0.2386734693877551
501,2,0.2722546161321671,0.2724489795918368
502,6,0.2335733793517407,0.2255102040816326
503,3,0.2477528643036161,0.2212244897959183
504,3,0.2390847247990105,0.2533673469387755
505,7,0.2154117283559386,0.2532653061224489
506,6,0.2292085600907029,0.241734693877551
507,2,0.2631644800777454,0.2624489795918367
508,5,0.2481735631595997,0.2654081632653061
509,9,0.2189855942376951,0.2042857142857142
510,6,0.2513269355361192,0.2110204081632652
511,5,0.2456271929824561,0.2875510204081633
512,3,0.2590544217687074,0.2289795918367346
513,4,0.2367791545189504,0.2592857142857143
514,4,0.265755191237334,0.2906122448979592
515,7,0.2285911078717201,0.2063265306122449
516,7,0.2338836248785228,0.2339795918367347
517,3,0.2482398146071615,0.2595918367346939
518,7,0.2191258642896666,0.2266326530612245
519,6,0.230562641723356,0.2328571428571428
520,7,0.2392780683702052,0.2827551020408163
521,5,0.2353061224489795,0.2628571428571428
522,3,0.2595822431536717,0.2808163265306122
523,9,0.2274760285066407,0.2388775510204081
524,5,0.2332454648526077,0.2822448979591836
525,6,0.2437578492935636,0.2489795918367346
526,6,0.2216819727891156,0.1916326530612244
527,3,0.252680117501546,0.2885714285714286
528,6,0.2267458256029684,0.250204081632653
529,5,0.239516156462585,0.2726530612244898
530,6,0.2509450923226433,0.231938775510204
531,7,0.2506834336298622,0.2336734693877551
532,5,0.232521645021645,0.2368367346938775
533,4,0.2680709426627794,0.3128571428571429
534,4,0.2468147675736961,0.1956122448979592
535,7,0.2341369857466796,0.1941836734693877
536,10,0.2132818491032777,0.2382653061224489
537,4,0.2594354489048366,0.2031632653061224
538,5,0.2400770069932734,0.2629591836734694
539,7,0.2345837382572076,0.2618367346938776
540,7,0.2330813896987366,0.2393877551020408
541,3,0.2511989795918368,0.2448979591836734
542,6,0.2234247448979591,0.2253061224489796
543,6,0.2329798987264078,0.2485714285714285
544,3,0.2557074829931972,0.2832653061224489
545,8,0.2441759596695821,0.2421428571428571
546,7,0.21627107364685,0.2206122448979592
547,4,0.2284087706511176,0.2477551020408163
548,4,0.2533865963968004,0.2264285714285714
549,5,0.2469030612244898,0.1973469387755102
550,5,0.2346301020408163,0.2531632653061224
551,5,0.2425874635568513,0.2294897959183673
552,9,0.228403636642627,0.2339795918367347
553,2,0.2459526425954997,0.2686734693877551
554,5,0.2398575430172069,0.2722448979591837
555,5,0.2345424983180085,0.230204081632653
556,7,0.2211836734693877,0.2880612244897959
557,8,0.2364825930372149,0.2176530612244898
558,6,0.2363168731778425,0.2787755102040816
559,4,0.2485793650793651,0.2671428571428571
560,4,0.2614543245869776,0.2935714285714286
561,4,0.2495815826330532,0.2282653061224489
562,6,0.2220238263289505,0.2323469387755102
563,3,0.243954248366013,0.2212244897959183
564,6,0.2246836734693877,0.2183673469387755
565,7,0.2180959750566893,0.2291836734693877
566,6,0.2203462099125364,0.2257142857142857
567,3,0.2408913386783284,0.2498979591836734
568,6,0.2415022675736961,0.2954081632653061
569,6,0.2457967282150955,0.3061224489795918
570,6,0.2437100450569838,0.2364285714285714
571,4,0.2493431122448979,0.2951020408163265
572,5,0.2377980943930367,0.2440816326530612
573,7,0.2360677842565597,0.221938775510204
574,6,0.2559370620428622,0.2681632653061224
575,6,0.2271766469745793,0.2490816326530612
576,4,0.2765711193568336,0.3101020408163265
577,5,0.2252927599611273,0.2248979591836734
578,7,0.2283833819241982,0.2453061224489796
579,4,0.2613265306122449,0.2728571428571428
580,6,0.237374985081752,0.2353061224489796
581,6,0.2338180272108843,0.2469387755102041
582,6,0.2542602040816326,0.2790816326530612
583,5,0.2227049651029243,0.1998979591836734
584,4,0.2250821995464852,0.195204081632653
585,3,0.2589726582940869,0.305204081632653
586,4,0.2350485908649174,0.2361224489795918
587,2,0.2582908163265306,0.2861224489795918
588,6,0.2242369773084059,0.2385714285714286
589,5,0.2310121477162293,0.2625510204081632
590,6,0.2329300291545189,0.2780612244897958
591,8,0.2145889258134156,0.2306122448979591
592,5,0.2457710428669074,0.293469387755102
593,6,0.2494938261018692,0.3053061224489796
594,4,0.2353286749482401,0.2327551020408163
595,4,0.2483361678004535,0.2592857142857143
596,6,0.2209237123420797,0.2121428571428571
597,5,0.2409829484425349,0.2698979591836734
598,5,0.2332423469387755,0.2243877551020408
599,9,0.2280907839326206,0.1993877551020408
600,7,0.2267411873840445,0.238265306122449
601,4,0.2521031149301826,0.2570408163265306
602,3,0.2725255102040816,0.2897959183673469
603,7,0.2126913265306122,0.2226530612244898
604,2,0.2580316724092234,0.2723469387755102
605,6,0.2326501114799987,0.2377551020408163
606,4,0.240283022299829,0.2512244897959184
607,7,0.2281221287216185,0.2304081632653061
608,4,0.2382535780545984,0.2325510204081632
609,7,0.2100617239902953,0.2532653061224489
610,5,0.2338112244897959,0.2361224489795918
611,2,0.258276540919398,0.2637755102040816
612,3,0.2296376242804814,0.2454081632653061
613,5,0.247207985466914,0.2755102040816327
614,4,0.2740330417881438,0.2788775510204082
615,3,0.2517019760285066,0.2847959183673469
616,5,0.2255436103012633,0.2276530612244898
617,4,0.2378401360544217,0.2424489795918367
618,5,0.2343563258636787,0.2824489795918367
619,3,0.2546661807580175,0.2832653061224489
620,5,0.2306135904911415,0.2505102040816326
621,4,0.2363336913712853,0.2645918367346938
622,4,0.2464503515691991,0.2413265306122448
623,9,0.2608654572940287,0.2764285714285714
624,7,0.2293183673469387,0.2261224489795918
625,4,0.2439821428571428,0.2798979591836735
626,5,0.2249521379980563,0.2301020408163265
627,2,0.2609036281179138,0.3074489795918367
628,7,0.2266082617257429,0.236734693877551
629,5,0.2290530855199222,0.2113265306122448
630,5,0.2280917626790976,0.2155102040816326
631,3,0.2359109977324263,0.2380612244897959
632,6,0.2381571786609381,0.2578571428571428
633,5,0.2284672440404733,0.221734693877551
634,6,0.2335889507318078,0.2529591836734693
635,7,0.2199761094914156,0.2116326530612244
636,7,0.212949287956941,0.2154081632653061
637,6,0.2311783751962323,0.2506122448979592
638,4,0.2523239795918368,0.2895918367346939
639,4,0.2513141399416909,0.2895918367346938
640,4,0.2618741496598639,0.2835714285714286
641,3,0.244999574829932,0.2995918367346939
642,3,0.2683159952292605,0.3014285714285715
643,5,0.253156179138322,0.243469387755102
644,8,0.2427440476190476,0.2323469387755102
645,7,0.2323104530032564,0.2298979591836734
646,5,0.2268888297077073,0.2085714285714286
647,4,0.2491219033067772,0.2213265306122449
648,7,0.2297955134434726,0.238469387755102
649,9,0.2231855185138237,0.2324489795918367
650,4,0.239250425170068,0.2265306122448979
651,4,0.2426737528344671,0.2848979591836734
652,7,0.2272066638010515,0.2459183673469387
653,7,0.2323356009070294,0.2403061224489796
654,3,0.2501268221574344,0.2213265306122449
655,6,0.2350733722060252,0.1887755102040816
656,6,0.228816156462585,0.2490816326530612
657,4,0.2397215136054422,0.2328571428571428
658,3,0.2488017290249433,0.2660204081632653
659,9,0.2158195223144202,0.2298979591836734
660,7,0.2340861081274615,0.215
661,3,0.2655874507697816,0.311734693877551
662,7,0.2266419294990723,0.2075510204081632
663,4,0.2297538158120391,0.228469387755102
664,4,0.2492363135730482,0.2832653061224489
665,3,0.2478271443915912,0.2572448979591837
666,3,0.253155328798186,0.2954081632653061
667,5,0.2394094611528822,0.2362244897959183
668,4,0.2589777365491651,0.2661224489795918
669,4,0.2531377551020408,0.2631632653061224
670,8,0.2207978620019436,0.2523469387755102
671,7,0.2286222428365285,0.2205102040816326
672,6,0.2412373476863272,0.2553061224489796
673,3,0.2466665046971169,0.2935714285714286
674,7,0.2158278615794143,0.216734693877551
675,5,0.225862072272518,0.2677551020408163
676,4,0.2473472388955582,0.273265306122449
677,3,0.2322006802721088,0.236938775510204
678,3,0.2496955782312925,0.2330612244897958
679,3,0.2369504373177842,0.2248979591836734
680,5,0.2404978943958535,0.2304081632653061
681,7,0.2231739117630865,0.2143877551020408
682,5,0.2433697764820213,0.2677551020408163
683,4,0.2507648473975005,0.2045918367346939
684,5,0.2301292517006802,0.2235714285714286
685,4,0.2559715136054422,0.2688775510204081
686,4,0.246960940420124,0.2418367346938775
687,4,0.2349400712666018,0.2586734693877551
688,5,0.2366335438937479,0.2862244897959183
689,4,0.2553532555879494,0.2960204081632653
690,7,0.2199266115970197,0.1961224489795918
691,5,0.2347538651824365,0.191938775510204
692,1,0.2650655976676385,0.3013265306122449
693,5,0.2204266489204377,0.2123469387755102
694,3,0.2470785018552876,0.2435714285714285
695,4,0.2369655004859086,0.2467346938775509
696,7,0.2303469387755102,0.2446938775510204
697,5,0.2346024659863945,0.2424489795918367
698,6,0.2425736151603498,0.2566326530612245
699,6,0.2165606118223687,0.2670408163265306
700,6,0.2414215444419525,0.2375510204081632
701,4,0.2512099125364431,0.2997959183673469
702,7,0.22564607364685,0.2075510204081632
703,7,0.2313383102158612,0.2546938775510204
704,5,0.2323918853255587,0.2737755102040816
705,6,0.231718820861678,0.2396938775510204
706,5,0.2435758017492711,0.2429591836734694
707,3,0.254794797039695,0.2691836734693877
708,2,0.2715160349854227,0.291734693877551
709,3,0.2496413994169096,0.2506122448979592
710,5,0.2351086005830903,0.2888775510204081
711,3,0.2460693027210884,0.2331632653061224
712,6,0.2307029220779221,0.2073469387755102
713,4,0.2549201251929343,0.2335714285714285
714,3,0.2491820537738905,0.1978571428571428
715,2,0.2576681243926142,0.2756122448979591
716,6,0.2285576795653326,0.250204081632653
717,4,0.2537761175898931,0.2880612244897959
718,1,0.2344345238095238,0.2340816326530612
719,3,0.235298833819242,0.2665306122448979
720,5,0.2462587463556851,0.2816326530612245
721,5,0.2400236305048335,0.2277551020408163
722,1,0.2706578153988868,0.2761224489795918
723,7,0.2338989310009718,0.2279591836734694
724,3,0.2341751700680272,0.2794897959183673
725,7,0.2239396258503401,0.2082653061224489
726,3,0.2420247813411078,0.2898979591836735
727,4,0.2204334305150632,0.2354081632653061
728,6,0.2281975108225108,0.2691836734693877
729,5,0.2404748478338704,0.2614285714285714
730,2,0.2586758703481392,0.2875510204081632
731,4,0.2391630223517978,0.2866326530612245
732,1,0.2608565821933168,0.2596938775510204
733,5,0.2247737349325695,0.2687755102040816
734,6,0.234344404428438,0.2142857142857142
735,5,0.2214795918367346,0.2654081632653061
736,9,0.255510570070519,0.2746938775510204
737,0,0.2645541788143829,0.2962244897959183
738,6,0.2245360235003092,0.2283673469387755
739,4,0.2486842918985776,0.283469387755102
740,3,0.2595368407103101,0.2675510204081632
741,4,0.2464299076773566,0.2386734693877551
742,4,0.2354423932673127,0.2831632653061224
743,3,0.227468820861678,0.2548979591836735
744,4,0.243160548053808,0.2604081632653061
745,5,0.2370694593626924,0.225204081632653
746,6,0.234453514739229,0.2571428571428571
747,3,0.2529604205318491,0.2486734693877551
748,6,0.2267948582030214,0.2226530612244897
749,4,0.2453782670963122,0.231734693877551
750,5,0.2532168367346938,0.2378571428571428
751,3,0.2460116414198047,0.2438775510204081
752,7,0.2220926870748299,0.2545918367346939
753,4,0.2368887524934786,0.2606122448979592
754,6,0.2317049319727891,0.2541836734693877
755,3,0.2572098377812664,0.2938775510204081
756,8,0.220151117589893,0.2664285714285714
757,6,0.2215856818918043,0.2663265306122448
758,6,0.2221331389698736,0.2256122448979591
759,3,0.2421158892128279,0.2918367346938776
760,2,0.258276540919398,0.2637755102040816
761,6,0.2434797133138969,0.2781632653061224
762,4,0.238921768707483,0.2704081632653061
763,6,0.2295568513119533,0.2347959183673469
764,3,0.2646685495626822,0.2687755102040816
765,4,0.2291314382896015,0.2589795918367347
766,5,0.2365646258503401,0.2437755102040816
767,4,0.2486848072562358,0.2314285714285714
768,2,0.2648032069970845,0.2962244897959183
769,5,0.2187244897959183,0.2283673469387755
770,4,0.2364219973703767,0.2339795918367347
771,3,0.2334642038633635,0.2313265306122449
772,5,0.2411607142857142,0.2112244897959184
773,6,0.2195707482993197,0.2492857142857142
774,2,0.255265306122449,0.268469387755102
775,5,0.2271961451247165,0.2583673469387755
776,5,0.2312610395035206,0.2706122448979592
777,6,0.2406233057132627,0.3090816326530612
778,5,0.2369068176721238,0.2478571428571428
779,6,0.231839974084872,0.2745918367346939
780,2,0.2370901802279353,0.2595918367346939
781,3,0.2512347601378213,0.2605102040816326
782,5,0.2436081274615109,0.3003061224489796
783,6,0.2234948369299872,0.263469387755102
784,7,0.2263636278687299,0.2304081632653061
785,7,0.2252900874635568,0.2579591836734694
786,5,0.2352451409135082,0.235
787,5,0.2329761904761905,0.240204081632653
788,6,0.2266602504638218,0.2225510204081632
789,5,0.2279156969805466,0.253469387755102
790,5,0.2369032613045218,0.2131632653061224
791,5,0.2413074277329979,0.2338775510204082
792,3,0.2358390022675737,0.2293877551020408
793,5,0.246342322643343,0.2303061224489795
794,3,0.2632532467532468,0.2830612244897958
795,4,0.2429544740973312,0.2683673469387755
796,6,0.2245683106575964,0.2296938775510204
797,8,0.2224795918367346,0.2615306122448979
798,3,0.2508965014577259,0.2304081632653061
799,3,0.2621282798833819,0.3026530612244898
800,4,0.2498363916995369,0.2230612244897959
801,4,0.2460175736961451,0.2566326530612245
802,6,0.2295988895558223,0.2306122448979591
803,6,0.2345816326530612,0.2708163265306122
804,3,0.2600423502734427,0.266734693877551
805,4,0.2410600240096038,0.2690816326530612
806,3,0.2522345724003887,0.2745918367346939
807,3,0.2733398931000972,0.3127551020408163
808,4,0.2536009880142533,0.2168367346938775
809,1,0.261077380952381,0.2414285714285714
810,6,0.2471803126012309,0.2539795918367347
811,4,0.2395519922254616,0.2271428571428571
812,5,0.2286942419825073,0.2335714285714285
813,3,0.2550024075564291,0.2828571428571428
814,7,0.2195048019207683,0.2465306122448979
815,5,0.2426495319932484,0.2310204081632653
816,3,0.2428848396501458,0.2545918367346939
817,5,0.2400145772594752,0.2672448979591836
818,1,0.2437163436803293,0.243469387755102
819,3,0.2893928571428571,0.3031632653061225
820,3,0.2458387354941976,0.2318367346938775
821,3,0.2505575801749271,0.2456122448979591
822,5,0.2310349854227405,0.2453061224489796
823,5,0.2384189870280095,0.2226530612244898
824,3,0.271195423623995,0.2963265306122449
825,5,0.2326224489795918,0.2207142857142857
826,7,0.2340563654033041,0.2578571428571428
827,5,0.234022804576376,0.2325510204081632
828,5,0.2260861337016009,0.220204081632653
829,4,0.2422926789763524,0.2305102040816326
830,5,0.2301214771622935,0.2107142857142857
831,3,0.2467559523809523,0.296734693877551
832,5,0.2340129483611626,0.2726530612244898
833,7,0.2231311159509917,0.2391836734693877
834,9,0.2129568277527461,0.2112244897959184
835,4,0.2394099306389222,0.243673469387755
836,8,0.2234869584197315,0.2264285714285714
837,3,0.2729786914765906,0.2951020408163265
838,6,0.2330714285714285,0.2413265306122448
839,4,0.2294094931205564,0.2354081632653061
840,6,0.2178087118305969,0.1962244897959183
841,4,0.2397214385754301,0.2463265306122448
842,4,0.2464642857142857,0.2680612244897959
843,5,0.2261949516648764,0.2416326530612245
844,4,0.23624784144427,0.213469387755102
845,3,0.2419988471579107,0.2345918367346939
846,5,0.2344457824537682,0.2206122448979591
847,6,0.2209237123420797,0.2121428571428571
848,4,0.2367047056918005,0.2371428571428571
849,6,0.2421276405298961,0.2418367346938775
850,5,0.2271552197802198,0.1989795918367347
851,5,0.2275542875044754,0.2035714285714285
852,5,0.2422640306122448,0.2181632653061224
853,3,0.2514863945578231,0.2587755102040816
854,5,0.2286183451641526,0.2473469387755102
855,3,0.248338192419825,0.2571428571428571
856,4,0.2666135204081633,0.266938775510204
857,5,0.2415356857028525,0.2722448979591837
858,5,0.2568286575281741,0.3143877551020408
859,7,0.2279656624554583,0.2285714285714285
860,7,0.2203742969049091,0.2191836734693877
861,4,0.2228344671201814,0.2643877551020408
862,7,0.2192557094266277,0.2346938775510204
863,3,0.2551598639455782,0.2615306122448979
864,4,0.2370413619993451,0.2628571428571429
865,6,0.2401468565448157,0.291734693877551
866,4,0.2368809523809523,0.2456122448979592
867,7,0.219819382825594,0.2218367346938775
868,5,0.2570771490414347,0.3001020408163265
869,4,0.2685902668759811,0.2621428571428572
870,8,0.2285544990723562,0.2270408163265306
871,5,0.2527210884353741,0.2409183673469387
872,6,0.2221428571428571,0.2278571428571428
873,6,0.2313256731263934,0.2446938775510204
874,7,0.2322085873310363,0.2756122448979592
875,4,0.2394852405247813,0.2825510204081632
876,2,0.2597831632653061,0.2836734693877551
877,6,0.2207367994816974,0.2474489795918367
878,2,0.2410758303321328,0.2258163265306122
879,6,0.2374498847157911,0.2856122448979591
880,4,0.2485318270165208,0.2308163265306123
881,7,0.2449826607334663,0.2285714285714286
882,5,0.2578639455782313,0.2978571428571429
883,3,0.2586978687578928,0.3015306122448979
884,4,0.2333267735665694,0.2314285714285714
885,6,0.2366130871396177,0.1998979591836734
886,6,0.234235544217687,0.2880612244897959
887,4,0.2409196138082562,0.2407142857142857
888,7,0.2173135005882052,0.256530612244898
889,2,0.2571109693877551,0.2789795918367347
890,2,0.2580316724092233,0.2723469387755102
891,5,0.2495104259094942,0.2535714285714285
892,4,0.2511454081632653,0.2715306122448979
893,7,0.2320715500485908,0.2468367346938775
894,10,0.2146672771672771,0.2329591836734693
895,3,0.2485918367346938,0.2726530612244898
896,6,0.2476760204081632,0.2347959183673469
897,3,0.2511927437641723,0.2462244897959183
898,4,0.2254863850302025,0.2662244897959183
899,2,0.245892938127632,0.2591836734693877
900,6,0.2481615038872691,0.2601020408163265
901,2,0.2541672740524782,0.2408163265306122
902,3,0.2485918367346938,0.2726530612244898
903,3,0.2525178166504697,0.2672448979591836
904,6,0.2440839517625231,0.2565306122448979
905,4,0.2549596088435374,0.2441836734693877
906,6,0.2244998785228376,0.2356122448979592
907,5,0.2256486880466472,0.2530612244897959
908,9,0.2277506957328386,0.2507142857142857
909,1,0.2535931122448979,0.2733673469387755
910,6,0.2422668043407839,0.2291836734693877
911,6,0.2290287364945978,0.2985714285714285
912,3,0.2409970238095238,0.2624489795918368
913,5,0.2358027615808228,0.2326530612244897
914,4,0.225260900788887,0.211530612244898
915,7,0.2422192591322243,0.3123469387755102
916,5,0.2508584862516435,0.2870408163265306
917,6,0.2401974003887269,0.2554081632653061
918,6,0.232728498542274,0.2338775510204082
919,5,0.257817438513867,0.2289795918367347
920,4,0.2406046347110272,0.2472448979591836
921,5,0.2324643240754949,0.2290816326530612
922,5,0.2349481807874665,0.2290816326530612
923,4,0.2531559766763848,0.2733673469387755
924,3,0.2439841269841269,0.261938775510204
925,5,0.2280384615384615,0.2548979591836735
926,4,0.2469255952380952,0.2380612244897959
927,6,0.2443270378326769,0.2755102040816327
928,3,0.2531887755102041,0.2765306122448979
929,4,0.2439500323939099,0.2715306122448979
930,2,0.2479917701346272,0.2654081632653061
931,4,0.2653268950437317,0.2964285714285714
932,5,0.2348953676708778,0.2379591836734693
933,4,0.2397927412723331,0.2483673469387755
934,7,0.2425850340136054,0.255204081632653
935,4,0.2230875402792696,0.22
936,5,0.2274815610454708,0.271734693877551
937,7,0.2252881554535689,0.2247959183673469
938,3,0.2585437317784257,0.2625510204081632
939,3,0.2399990996398559,0.181734693877551
940,4,0.2412759151279559,0.2806122448979592
941,4,0.2446930365552814,0.2460204081632653
942,8,0.235,0.2430612244897959
943,5,0.2501556122448979,0.2941836734693878
944,4,0.2584431689342403,0.2694897959183673
945,1,0.2686270871985157,0.2944897959183674
946,2,0.2445942662779397,0.2515306122448979
947,6,0.2265176627793975,0.2909183673469387
948,5,0.2434460034013605,0.2327551020408163
949,7,0.2464322157434402,0.2643877551020408
950,6,0.2347724327826368,0.2422448979591837
951,5,0.2348944805194805,0.2557142857142857
952,5,0.2298701980792317,0.2163265306122449
953,5,0.2322173737916218,0.2179591836734694
954,5,0.2318554937126365,0.2222448979591836
955,4,0.223186456400742,0.2492857142857142
956,5,0.2568070942662779,0.2380612244897959
957,7,0.227739145253243,0.2438775510204081
958,5,0.2315228174603174,0.2328571428571428
959,4,0.239232628765792,0.2528571428571428
960,6,0.2452193408691797,0.2655102040816326
961,6,0.2133858114674441,0.2256122448979592
962,4,0.2395080814280599,0.2235714285714286
963,7,0.2283838457460906,0.2976530612244898
964,3,0.2650357142857142,0.2611224489795918
965,5,0.2380182599355531,0.235204081632653
966,4,0.2484421768707483,0.2616326530612245
967,9,0.2306031341107871,0.2480612244897959
968,4,0.234245869776482,0.2113265306122449
969,2,0.2506573129251701,0.2798979591836734
970,6,0.2403802235179786,0.2431632653061224
971,6,0.2441149316869604,0.2818367346938775
972,5,0.2397780207321024,0.2178571428571428
973,5,0.2268686895810956,0.2242857142857143
974,5,0.2415558463645198,0.2421428571428571
975,7,0.2216666666666666,0.2225510204081632
976,4,0.2429494047619047,0.2581632653061224
977,5,0.2256365403304178,0.2728571428571428
978,7,0.2413188214846378,0.2474489795918367
979,6,0.230735827664399,0.2321428571428571
980,3,0.2516706349206349,0.2692857142857143
981,5,0.2305710034013605,0.2508163265306122
982,8,0.2363913994169096,0.2101020408163265
983,9,0.2204270408163265,0.236734693877551
984,9,0.2236756876663709,0.2277551020408163
985,6,0.2305828474246841,0.2172448979591836
986,6,0.229007045675413,0.2611224489795918
987,4,0.2364980563654033,0.2364285714285714
988,6,0.2290793650793651,0.2210204081632653
989,7,0.240401117589893,0.2393877551020408
990,6,0.2285387576083064,0.2411224489795918
991,5,0.2269123682440009,0.2555102040816326
992,5,0.2370694593626924,0.225204081632653
993,4,0.2532437641723356,0.2315306122448979
994,3,0.2426768707482993,0.2587755102040816
995,5,0.2299335924846129,0.2082653061224489
996,3,0.2448427275672173,0.2922448979591836
997,3,0.2635714285714285,0.2841836734693877
998,6,0.2275736151603498,0.1975510204081632
999,5,0.2393503747652907,0.2618367346938776
