family,seed,beta_pi,lambda_pi,gamma,MC
QRC,42,0.0,0.0,0.0,0.0
QRC,42,0.0,0.0,0.05,0.0
QRC,42,0.0,0.0,0.12,0.0
QRC,42,0.0,0.0,0.22,0.0
QRC,42,0.0,0.0,0.3,0.0
QRC,42,0.0,0.05,0.0,0.0
QRC,42,0.0,0.05,0.05,0.0
QRC,42,0.0,0.05,0.12,0.0
QRC,42,0.0,0.05,0.22,0.0
QRC,42,0.0,0.05,0.3,0.0
QRC,42,0.0,0.1,0.0,0.0
QRC,42,0.0,0.1,0.05,0.0
QRC,42,0.0,0.1,0.12,0.0
QRC,42,0.0,0.1,0.22,0.0
QRC,42,0.0,0.1,0.3,0.0
QRC,42,0.0,0.12,0.0,0.0
QRC,42,0.0,0.12,0.05,0.0
QRC,42,0.0,0.12,0.12,0.0
QRC,42,0.0,0.12,0.22,0.0
QRC,42,0.0,0.12,0.3,0.0
QRC,42,0.0,0.16,0.0,0.0
QRC,42,0.0,0.16,0.05,0.0
QRC,42,0.0,0.16,0.12,0.0
QRC,42,0.0,0.16,0.22,0.0
QRC,42,0.0,0.16,0.3,0.0
QRC,42,0.0,0.28,0.0,0.0
QRC,42,0.0,0.28,0.05,0.0
QRC,42,0.0,0.28,0.12,0.0
QRC,42,0.0,0.28,0.22,0.0
QRC,42,0.0,0.28,0.3,0.0
QRC,42,0.0,0.42,0.0,0.0
QRC,42,0.0,0.42,0.05,0.0
QRC,42,0.0,0.42,0.12,0.0
QRC,42,0.0,0.42,0.22,0.0
QRC,42,0.0,0.42,0.3,0.0
QRC,42,0.02,0.0,0.0,0.0
QRC,42,0.02,0.0,0.05,0.0
QRC,42,0.02,0.0,0.12,0.0
QRC,42,0.02,0.0,0.22,0.0
QRC,42,0.02,0.0,0.3,0.0
QRC,42,0.02,0.05,0.0,0.0
QRC,42,0.02,0.05,0.05,11.288492461521574
QRC,42,0.02,0.05,0.12,10.686080578652582
QRC,42,0.02,0.05,0.22,8.511087700776436
QRC,42,0.02,0.05,0.3,7.112756944309199
QRC,42,0.02,0.1,0.0,0.0
QRC,42,0.02,0.1,0.05,12.07190629828938
QRC,42,0.02,0.1,0.12,10.644552936371294
QRC,42,0.02,0.1,0.22,8.10092906562974
QRC,42,0.02,0.1,0.3,6.338422058952222
QRC,42,0.02,0.12,0.0,0.0
QRC,42,0.02,0.12,0.05,12.19035497708999
QRC,42,0.02,0.12,0.12,10.305332226208456
QRC,42,0.02,0.12,0.22,7.490705508169267
QRC,42,0.02,0.12,0.3,6.194781151796727
QRC,42,0.02,0.16,0.0,0.0
QRC,42,0.02,0.16,0.05,11.60570559836595
QRC,42,0.02,0.16,0.12,8.789519023418894
QRC,42,0.02,0.16,0.22,6.736139837118728
QRC,42,0.02,0.16,0.3,5.5444033073619
QRC,42,0.02,0.28,0.0,0.0
QRC,42,0.02,0.28,0.05,10.341573967591144
QRC,42,0.02,0.28,0.12,8.098772316838133
QRC,42,0.02,0.28,0.22,5.7972709883622375
QRC,42,0.02,0.28,0.3,4.871135570599013
QRC,42,0.02,0.42,0.0,0.0
QRC,42,0.02,0.42,0.05,11.868308836257963
QRC,42,0.02,0.42,0.12,10.647401127598943
QRC,42,0.02,0.42,0.22,8.044814049693366
QRC,42,0.02,0.42,0.3,6.784149860508053
QRC,42,0.04,0.0,0.0,0.0
QRC,42,0.04,0.0,0.05,0.0
QRC,42,0.04,0.0,0.12,0.0
QRC,42,0.04,0.0,0.22,0.0
QRC,42,0.04,0.0,0.3,0.0
QRC,42,0.04,0.05,0.0,0.0
QRC,42,0.04,0.05,0.05,9.955588323476732
QRC,42,0.04,0.05,0.12,9.292020796878646
QRC,42,0.04,0.05,0.22,7.548452963920655
QRC,42,0.04,0.05,0.3,6.404365171254118
QRC,42,0.04,0.1,0.0,0.0
QRC,42,0.04,0.1,0.05,10.562581415375064
QRC,42,0.04,0.1,0.12,9.496513277987486
QRC,42,0.04,0.1,0.22,7.022561569217277
QRC,42,0.04,0.1,0.3,5.637820834646532
QRC,42,0.04,0.12,0.0,0.0
QRC,42,0.04,0.12,0.05,10.745373055552594
QRC,42,0.04,0.12,0.12,8.959232422372377
QRC,42,0.04,0.12,0.22,6.501345220304874
QRC,42,0.04,0.12,0.3,5.664608219344999
QRC,42,0.04,0.16,0.0,0.0
QRC,42,0.04,0.16,0.05,10.138972644927422
QRC,42,0.04,0.16,0.12,7.546361611751872
QRC,42,0.04,0.16,0.22,6.159394964678531
QRC,42,0.04,0.16,0.3,5.261090148640847
QRC,42,0.04,0.28,0.0,0.0
QRC,42,0.04,0.28,0.05,8.33048162966253
QRC,42,0.04,0.28,0.12,6.908526757061171
QRC,42,0.04,0.28,0.22,5.136121930393532
QRC,42,0.04,0.28,0.3,4.69274709055812
QRC,42,0.04,0.42,0.0,0.0
QRC,42,0.04,0.42,0.05,10.254286960381236
QRC,42,0.04,0.42,0.12,9.155451144846255
QRC,42,0.04,0.42,0.22,7.035778307902889
QRC,42,0.04,0.42,0.3,5.955484355050256
QRC,42,0.07,0.0,0.0,0.0
QRC,42,0.07,0.0,0.05,0.0
QRC,42,0.07,0.0,0.12,0.0
QRC,42,0.07,0.0,0.22,0.0
QRC,42,0.07,0.0,0.3,0.0
QRC,42,0.07,0.05,0.0,0.0
QRC,42,0.07,0.05,0.05,8.34209609656561
QRC,42,0.07,0.05,0.12,7.927207765536512
QRC,42,0.07,0.05,0.22,6.653496334060236
QRC,42,0.07,0.05,0.3,5.714678706429018
QRC,42,0.07,0.1,0.0,0.0064131877537146
QRC,42,0.07,0.1,0.05,9.009144301925977
QRC,42,0.07,0.1,0.12,8.27487291690204
QRC,42,0.07,0.1,0.22,6.078268636993728
QRC,42,0.07,0.1,0.3,5.135481636770029
QRC,42,0.07,0.12,0.0,0.0
QRC,42,0.07,0.12,0.05,9.234456693526264
QRC,42,0.07,0.12,0.12,7.7464969636581085
QRC,42,0.07,0.12,0.22,5.795450681100201
QRC,42,0.07,0.12,0.3,5.17380517191107
QRC,42,0.07,0.16,0.0,0.0163834447017989
QRC,42,0.07,0.16,0.05,8.494776818398591
QRC,42,0.07,0.16,0.12,6.591963325624705
QRC,42,0.07,0.16,0.22,5.3014586994936
QRC,42,0.07,0.16,0.3,4.6209963631189295
QRC,42,0.07,0.28,0.0,0.0015537319241712
QRC,42,0.07,0.28,0.05,6.540488854201973
QRC,42,0.07,0.28,0.12,5.624167362194832
QRC,42,0.07,0.28,0.22,4.64304587153047
QRC,42,0.07,0.28,0.3,4.225473657082473
QRC,42,0.07,0.42,0.0,0.0
QRC,42,0.07,0.42,0.05,8.566906157672538
QRC,42,0.07,0.42,0.12,7.863770378245075
QRC,42,0.07,0.42,0.22,6.140727825111586
QRC,42,0.07,0.42,0.3,5.249848310846508
QRC,42,0.1,0.0,0.0,0.0
QRC,42,0.1,0.0,0.05,0.0
QRC,42,0.1,0.0,0.12,0.0
QRC,42,0.1,0.0,0.22,0.0
QRC,42,0.1,0.0,0.3,0.0
QRC,42,0.1,0.05,0.0,0.0
QRC,42,0.1,0.05,0.05,6.91133618653914
QRC,42,0.1,0.05,0.12,6.951728548305504
QRC,42,0.1,0.05,0.22,6.035295593861752
QRC,42,0.1,0.05,0.3,5.262650696926123
QRC,42,0.1,0.1,0.0,0.0
QRC,42,0.1,0.1,0.05,7.7829041845595
QRC,42,0.1,0.1,0.12,7.275076622402971
QRC,42,0.1,0.1,0.22,5.478698376649872
QRC,42,0.1,0.1,0.3,4.825203234418864
QRC,42,0.1,0.12,0.0,0.0
QRC,42,0.1,0.12,0.05,8.052996793152627
QRC,42,0.1,0.12,0.12,6.891069285443935
QRC,42,0.1,0.12,0.22,5.359667964747423
QRC,42,0.1,0.12,0.3,4.8394295802226335
QRC,42,0.1,0.16,0.0,0.0
QRC,42,0.1,0.16,0.05,7.1857725304498725
QRC,42,0.1,0.16,0.12,5.93182328352837
QRC,42,0.1,0.16,0.22,4.758562050391474
QRC,42,0.1,0.16,0.3,4.21886024509255
QRC,42,0.1,0.28,0.0,0.0033987364710992
QRC,42,0.1,0.28,0.05,5.481520852988788
QRC,42,0.1,0.28,0.12,4.868191039754659
QRC,42,0.1,0.28,0.22,4.261495761608044
QRC,42,0.1,0.28,0.3,3.8857392354658913
QRC,42,0.1,0.42,0.0,0.0
QRC,42,0.1,0.42,0.05,7.232893961730544
QRC,42,0.1,0.42,0.12,6.880828102898898
QRC,42,0.1,0.42,0.22,5.503107249340902
QRC,42,0.1,0.42,0.3,4.866588027614536
QRC,42,0.22,0.0,0.0,0.0
QRC,42,0.22,0.0,0.05,0.0
QRC,42,0.22,0.0,0.12,0.0
QRC,42,0.22,0.0,0.22,0.0
QRC,42,0.22,0.0,0.3,0.0
QRC,42,0.22,0.05,0.0,0.0
QRC,42,0.22,0.05,0.05,3.104624250327074
QRC,42,0.22,0.05,0.12,4.137856628457138
QRC,42,0.22,0.05,0.22,4.113350249812482
QRC,42,0.22,0.05,0.3,3.923923180664452
QRC,42,0.22,0.1,0.0,0.0
QRC,42,0.22,0.1,0.05,3.851108277157413
QRC,42,0.22,0.1,0.12,4.301981099635072
QRC,42,0.22,0.1,0.22,3.910044953316901
QRC,42,0.22,0.1,0.3,3.7410875508059527
QRC,42,0.22,0.12,0.0,0.0
QRC,42,0.22,0.12,0.05,4.26697132910115
QRC,42,0.22,0.12,0.12,4.360749214970803
QRC,42,0.22,0.12,0.22,3.952410827023346
QRC,42,0.22,0.12,0.3,3.68197953768874
QRC,42,0.22,0.16,0.0,0.0
QRC,42,0.22,0.16,0.05,3.564638208240235
QRC,42,0.22,0.16,0.12,3.777731880113474
QRC,42,0.22,0.16,0.22,3.427036141902148
QRC,42,0.22,0.16,0.3,3.2218761191428857
QRC,42,0.22,0.28,0.0,0.0
QRC,42,0.22,0.28,0.05,3.044705319577095
QRC,42,0.22,0.28,0.12,3.215515072953319
QRC,42,0.22,0.28,0.22,3.150826562324669
QRC,42,0.22,0.28,0.3,2.897318736917935
QRC,42,0.22,0.42,0.0,0.0076380799191833
QRC,42,0.22,0.42,0.05,3.314523889589863
QRC,42,0.22,0.42,0.12,4.056016824706629
QRC,42,0.22,0.42,0.22,3.891717214300271
QRC,42,0.22,0.42,0.3,3.739193750888349
QRC,42,0.5,0.0,0.0,0.0
QRC,42,0.5,0.0,0.05,0.0
QRC,42,0.5,0.0,0.12,0.0
QRC,42,0.5,0.0,0.22,0.0
QRC,42,0.5,0.0,0.3,0.0
QRC,42,0.5,0.05,0.0,0.0017679679894913
QRC,42,0.5,0.05,0.05,0.8599914654370109
QRC,42,0.5,0.05,0.12,1.0998123931094588
QRC,42,0.5,0.05,0.22,1.2673527421067043
QRC,42,0.5,0.05,0.3,1.4690073551524472
QRC,42,0.5,0.1,0.0,0.0
QRC,42,0.5,0.1,0.05,0.8737319254262153
QRC,42,0.5,0.1,0.12,1.1118546511241394
QRC,42,0.5,0.1,0.22,1.3516158567389502
QRC,42,0.5,0.1,0.3,1.589635369615824
QRC,42,0.5,0.12,0.0,0.0
QRC,42,0.5,0.12,0.05,0.8010660963830551
QRC,42,0.5,0.12,0.12,1.1017341161930587
QRC,42,0.5,0.12,0.22,1.3939116746353382
QRC,42,0.5,0.12,0.3,1.5914391246954334
QRC,42,0.5,0.16,0.0,0.0
QRC,42,0.5,0.16,0.05,0.6953133965293726
QRC,42,0.5,0.16,0.12,1.056178159295382
QRC,42,0.5,0.16,0.22,1.193835999379516
QRC,42,0.5,0.16,0.3,1.309947779721199
QRC,42,0.5,0.28,0.0,0.0003555718941214
QRC,42,0.5,0.28,0.05,0.6688643673456792
QRC,42,0.5,0.28,0.12,1.0759545022073993
QRC,42,0.5,0.28,0.22,1.3763041461085193
QRC,42,0.5,0.28,0.3,1.5037986599255555
QRC,42,0.5,0.42,0.0,0.0
QRC,42,0.5,0.42,0.05,0.9287516985672936
QRC,42,0.5,0.42,0.12,1.1830052642661322
QRC,42,0.5,0.42,0.22,1.3558826969936644
QRC,42,0.5,0.42,0.3,1.5568993873016583
QRC,43,0.0,0.0,0.0,0.0
QRC,43,0.0,0.0,0.05,0.0
QRC,43,0.0,0.0,0.12,0.0
QRC,43,0.0,0.0,0.22,0.0
QRC,43,0.0,0.0,0.3,0.0
QRC,43,0.0,0.05,0.0,0.0
QRC,43,0.0,0.05,0.05,0.0
QRC,43,0.0,0.05,0.12,0.0
QRC,43,0.0,0.05,0.22,0.0
QRC,43,0.0,0.05,0.3,0.0
QRC,43,0.0,0.1,0.0,0.0
QRC,43,0.0,0.1,0.05,0.0
QRC,43,0.0,0.1,0.12,0.0
QRC,43,0.0,0.1,0.22,0.0
QRC,43,0.0,0.1,0.3,0.0
QRC,43,0.0,0.12,0.0,0.0
QRC,43,0.0,0.12,0.05,0.0
QRC,43,0.0,0.12,0.12,0.0
QRC,43,0.0,0.12,0.22,0.0
QRC,43,0.0,0.12,0.3,0.0
QRC,43,0.0,0.16,0.0,0.0
QRC,43,0.0,0.16,0.05,0.0
QRC,43,0.0,0.16,0.12,0.0
QRC,43,0.0,0.16,0.22,0.0
QRC,43,0.0,0.16,0.3,0.0
QRC,43,0.0,0.28,0.0,0.0
QRC,43,0.0,0.28,0.05,0.0
QRC,43,0.0,0.28,0.12,0.0
QRC,43,0.0,0.28,0.22,0.0
QRC,43,0.0,0.28,0.3,0.0
QRC,43,0.0,0.42,0.0,0.0
QRC,43,0.0,0.42,0.05,0.0
QRC,43,0.0,0.42,0.12,0.0
QRC,43,0.0,0.42,0.22,0.0
QRC,43,0.0,0.42,0.3,0.0
QRC,43,0.02,0.0,0.0,0.0
QRC,43,0.02,0.0,0.05,0.0
QRC,43,0.02,0.0,0.12,0.0
QRC,43,0.02,0.0,0.22,0.0
QRC,43,0.02,0.0,0.3,0.0
QRC,43,0.02,0.05,0.0,0.0
QRC,43,0.02,0.05,0.05,11.58885620647177
QRC,43,0.02,0.05,0.12,10.717902148990117
QRC,43,0.02,0.05,0.22,8.54220531950779
QRC,43,0.02,0.05,0.3,7.104851872601303
QRC,43,0.02,0.1,0.0,0.0
QRC,43,0.02,0.1,0.05,10.184218491783566
QRC,43,0.02,0.1,0.12,9.257401792230487
QRC,43,0.02,0.1,0.22,8.150693429653911
QRC,43,0.02,0.1,0.3,7.192348029337637
QRC,43,0.02,0.12,0.0,0.0
QRC,43,0.02,0.12,0.05,9.31986274433505
QRC,43,0.02,0.12,0.12,8.302305310469047
QRC,43,0.02,0.12,0.22,6.584640841117497
QRC,43,0.02,0.12,0.3,6.181105958400417
QRC,43,0.02,0.16,0.0,0.00238878665287
QRC,43,0.02,0.16,0.05,8.910639894951586
QRC,43,0.02,0.16,0.12,8.624122720497043
QRC,43,0.02,0.16,0.22,7.18193256514309
QRC,43,0.02,0.16,0.3,6.560898043725409
QRC,43,0.02,0.28,0.0,0.0189215804251254
QRC,43,0.02,0.28,0.05,7.155112909714203
QRC,43,0.02,0.28,0.12,6.487141082441274
QRC,43,0.02,0.28,0.22,5.704919449273616
QRC,43,0.02,0.28,0.3,5.294919785783887
QRC,43,0.02,0.42,0.0,0.0
QRC,43,0.02,0.42,0.05,11.6577706951612
QRC,43,0.02,0.42,0.12,10.05252269063736
QRC,43,0.02,0.42,0.22,8.8374405545838
QRC,43,0.02,0.42,0.3,7.563007017546845
QRC,43,0.04,0.0,0.0,0.0
QRC,43,0.04,0.0,0.05,0.0
QRC,43,0.04,0.0,0.12,0.0
QRC,43,0.04,0.0,0.22,0.0
QRC,43,0.04,0.0,0.3,0.0
QRC,43,0.04,0.05,0.0,0.0
QRC,43,0.04,0.05,0.05,10.35181660069636
QRC,43,0.04,0.05,0.12,9.415278044081315
QRC,43,0.04,0.05,0.22,7.493194184489712
QRC,43,0.04,0.05,0.3,6.286205676022976
QRC,43,0.04,0.1,0.0,0.0
QRC,43,0.04,0.1,0.05,8.60958358769784
QRC,43,0.04,0.1,0.12,8.027990987760699
QRC,43,0.04,0.1,0.22,7.095571570570547
QRC,43,0.04,0.1,0.3,6.296562100914988
QRC,43,0.04,0.12,0.0,0.0
QRC,43,0.04,0.12,0.05,7.246956857690819
QRC,43,0.04,0.12,0.12,6.757626324354977
QRC,43,0.04,0.12,0.22,5.471428033935993
QRC,43,0.04,0.12,0.3,5.4123446215715445
QRC,43,0.04,0.16,0.0,0.0
QRC,43,0.04,0.16,0.05,7.156600560545203
QRC,43,0.04,0.16,0.12,7.093947724656292
QRC,43,0.04,0.16,0.22,6.082002736699177
QRC,43,0.04,0.16,0.3,5.543808731496807
QRC,43,0.04,0.28,0.0,0.0086546896041092
QRC,43,0.04,0.28,0.05,5.627055710737746
QRC,43,0.04,0.28,0.12,5.331270145602966
QRC,43,0.04,0.28,0.22,5.110778301158016
QRC,43,0.04,0.28,0.3,4.816032791056392
QRC,43,0.04,0.42,0.0,0.0005881125109064
QRC,43,0.04,0.42,0.05,9.993860085887793
QRC,43,0.04,0.42,0.12,8.844708932285386
QRC,43,0.04,0.42,0.22,7.788597058855865
QRC,43,0.04,0.42,0.3,6.663041359788455
QRC,43,0.07,0.0,0.0,0.0
QRC,43,0.07,0.0,0.05,0.0
QRC,43,0.07,0.0,0.12,0.0
QRC,43,0.07,0.0,0.22,0.0
QRC,43,0.07,0.0,0.3,0.0
QRC,43,0.07,0.05,0.0,0.0
QRC,43,0.07,0.05,0.05,8.958220152871379
QRC,43,0.07,0.05,0.12,8.241885410368253
QRC,43,0.07,0.05,0.22,6.524934121123584
QRC,43,0.07,0.05,0.3,5.51230897524354
QRC,43,0.07,0.1,0.0,0.0
QRC,43,0.07,0.1,0.05,7.186705000168651
QRC,43,0.07,0.1,0.12,6.934980058572348
QRC,43,0.07,0.1,0.22,6.07436239853296
QRC,43,0.07,0.1,0.3,5.539999077722477
QRC,43,0.07,0.12,0.0,0.0
QRC,43,0.07,0.12,0.05,5.43602679719785
QRC,43,0.07,0.12,0.12,5.365482796574846
QRC,43,0.07,0.12,0.22,4.824791339775077
QRC,43,0.07,0.12,0.3,4.863602280356012
QRC,43,0.07,0.16,0.0,0.0
QRC,43,0.07,0.16,0.05,5.790455175192226
QRC,43,0.07,0.16,0.12,5.775664725825481
QRC,43,0.07,0.16,0.22,4.961808510062015
QRC,43,0.07,0.16,0.3,4.521472827559385
QRC,43,0.07,0.28,0.0,0.0
QRC,43,0.07,0.28,0.05,4.578954081032853
QRC,43,0.07,0.28,0.12,4.455143322360285
QRC,43,0.07,0.28,0.22,4.3997518071152335
QRC,43,0.07,0.28,0.3,4.252155766714875
QRC,43,0.07,0.42,0.0,0.0
QRC,43,0.07,0.42,0.05,8.244963265387762
QRC,43,0.07,0.42,0.12,7.760566956938402
QRC,43,0.07,0.42,0.22,6.586166942755106
QRC,43,0.07,0.42,0.3,5.650180083732765
QRC,43,0.1,0.0,0.0,0.0
QRC,43,0.1,0.0,0.05,0.0
QRC,43,0.1,0.0,0.12,0.0
QRC,43,0.1,0.0,0.22,0.0
QRC,43,0.1,0.0,0.3,0.0
QRC,43,0.1,0.05,0.0,0.0
QRC,43,0.1,0.05,0.05,7.694731700804772
QRC,43,0.1,0.05,0.12,7.270866441073947
QRC,43,0.1,0.05,0.22,5.750291437517486
QRC,43,0.1,0.05,0.3,4.926987225573884
QRC,43,0.1,0.1,0.0,0.0
QRC,43,0.1,0.1,0.05,6.2063880588253975
QRC,43,0.1,0.1,0.12,6.106277002793057
QRC,43,0.1,0.1,0.22,5.387905295607238
QRC,43,0.1,0.1,0.3,5.018386275470075
QRC,43,0.1,0.12,0.0,0.0
QRC,43,0.1,0.12,0.05,4.3132411885225785
QRC,43,0.1,0.12,0.12,4.524726926295009
QRC,43,0.1,0.12,0.22,4.395752882672423
QRC,43,0.1,0.12,0.3,4.408275992115383
QRC,43,0.1,0.16,0.0,0.0
QRC,43,0.1,0.16,0.05,4.881624834061126
QRC,43,0.1,0.16,0.12,4.849916494290939
QRC,43,0.1,0.16,0.22,4.31860201660412
QRC,43,0.1,0.16,0.3,3.8932694623598856
QRC,43,0.1,0.28,0.0,0.0
QRC,43,0.1,0.28,0.05,3.915619358369397
QRC,43,0.1,0.28,0.12,3.9050945320805854
QRC,43,0.1,0.28,0.22,3.879631657020134
QRC,43,0.1,0.28,0.3,3.755945163932685
QRC,43,0.1,0.42,0.0,0.0
QRC,43,0.1,0.42,0.05,6.969446462189652
QRC,43,0.1,0.42,0.12,6.894518085921559
QRC,43,0.1,0.42,0.22,5.673027383634331
QRC,43,0.1,0.42,0.3,4.884584469640956
QRC,43,0.22,0.0,0.0,0.0
QRC,43,0.22,0.0,0.05,0.0
QRC,43,0.22,0.0,0.12,0.0
QRC,43,0.22,0.0,0.22,0.0
QRC,43,0.22,0.0,0.3,0.0
QRC,43,0.22,0.05,0.0,0.0
QRC,43,0.22,0.05,0.05,3.764951499616095
QRC,43,0.22,0.05,0.12,4.046737536788503
QRC,43,0.22,0.05,0.22,3.683730603311038
QRC,43,0.22,0.05,0.3,3.515477905913388
QRC,43,0.22,0.1,0.0,0.0
QRC,43,0.22,0.1,0.05,3.542716041300451
QRC,43,0.22,0.1,0.12,3.756590416656582
QRC,43,0.22,0.1,0.22,3.589553524928278
QRC,43,0.22,0.1,0.3,3.387976569527051
QRC,43,0.22,0.12,0.0,0.0
QRC,43,0.22,0.12,0.05,2.9427694768983508
QRC,43,0.22,0.12,0.12,3.1829128558755078
QRC,43,0.22,0.12,0.22,3.1911114563313543
QRC,43,0.22,0.12,0.3,3.148757617117212
QRC,43,0.22,0.16,0.0,0.0
QRC,43,0.22,0.16,0.05,2.410670416803289
QRC,43,0.22,0.16,0.12,2.6819759365706664
QRC,43,0.22,0.16,0.22,2.566650437013795
QRC,43,0.22,0.16,0.3,2.496060100063831
QRC,43,0.22,0.28,0.0,0.0015318140427197
QRC,43,0.22,0.28,0.05,2.181715752326028
QRC,43,0.22,0.28,0.12,2.4652605315890925
QRC,43,0.22,0.28,0.22,2.3366748428550825
QRC,43,0.22,0.28,0.3,2.284623107423654
QRC,43,0.22,0.42,0.0,0.0
QRC,43,0.22,0.42,0.05,3.9898111197471233
QRC,43,0.22,0.42,0.12,4.003493438255389
QRC,43,0.22,0.42,0.22,3.461420357319441
QRC,43,0.22,0.42,0.3,3.142113040640337
QRC,43,0.5,0.0,0.0,0.0007885772392735
QRC,43,0.5,0.0,0.05,0.0
QRC,43,0.5,0.0,0.12,0.0046791125842813
QRC,43,0.5,0.0,0.22,0.0
QRC,43,0.5,0.0,0.3,0.0
QRC,43,0.5,0.05,0.0,0.0
QRC,43,0.5,0.05,0.05,0.7604028321062044
QRC,43,0.5,0.05,0.12,1.071453898617972
QRC,43,0.5,0.05,0.22,1.2938119253399414
QRC,43,0.5,0.05,0.3,1.3710946278009757
QRC,43,0.5,0.1,0.0,0.0
QRC,43,0.5,0.1,0.05,1.06920738307081
QRC,43,0.5,0.1,0.12,1.2438520908482746
QRC,43,0.5,0.1,0.22,1.202941403749878
QRC,43,0.5,0.1,0.3,1.2692850792649268
QRC,43,0.5,0.12,0.0,0.0
QRC,43,0.5,0.12,0.05,1.3254543199061066
QRC,43,0.5,0.12,0.12,1.4940870870465268
QRC,43,0.5,0.12,0.22,1.3700173550586732
QRC,43,0.5,0.12,0.3,1.3005107192051262
QRC,43,0.5,0.16,0.0,0.0
QRC,43,0.5,0.16,0.05,1.169758644662945
QRC,43,0.5,0.16,0.12,1.3833844411568528
QRC,43,0.5,0.16,0.22,1.422323391681803
QRC,43,0.5,0.16,0.3,1.4576393804644
QRC,43,0.5,0.28,0.0,0.0
QRC,43,0.5,0.28,0.05,0.7130379904311556
QRC,43,0.5,0.28,0.12,1.0394430115958375
QRC,43,0.5,0.28,0.22,1.1449831349229784
QRC,43,0.5,0.28,0.3,1.199630515646394
QRC,43,0.5,0.42,0.0,0.0
QRC,43,0.5,0.42,0.05,0.9576723807505512
QRC,43,0.5,0.42,0.12,1.1555976455651344
QRC,43,0.5,0.42,0.22,1.1980882722192585
QRC,43,0.5,0.42,0.3,1.293797720941754
QRC,44,0.0,0.0,0.0,0.0
QRC,44,0.0,0.0,0.05,0.0
QRC,44,0.0,0.0,0.12,0.0
QRC,44,0.0,0.0,0.22,0.0
QRC,44,0.0,0.0,0.3,0.0
QRC,44,0.0,0.05,0.0,0.0
QRC,44,0.0,0.05,0.05,0.0
QRC,44,0.0,0.05,0.12,0.0
QRC,44,0.0,0.05,0.22,0.0
QRC,44,0.0,0.05,0.3,0.0
QRC,44,0.0,0.1,0.0,0.0
QRC,44,0.0,0.1,0.05,0.0
QRC,44,0.0,0.1,0.12,0.0
QRC,44,0.0,0.1,0.22,0.0
QRC,44,0.0,0.1,0.3,0.0
QRC,44,0.0,0.12,0.0,0.0
QRC,44,0.0,0.12,0.05,0.0
QRC,44,0.0,0.12,0.12,0.0
QRC,44,0.0,0.12,0.22,0.0
QRC,44,0.0,0.12,0.3,0.0
QRC,44,0.0,0.16,0.0,0.0
QRC,44,0.0,0.16,0.05,0.0
QRC,44,0.0,0.16,0.12,0.0
QRC,44,0.0,0.16,0.22,0.0
QRC,44,0.0,0.16,0.3,0.0
QRC,44,0.0,0.28,0.0,0.0
QRC,44,0.0,0.28,0.05,0.0
QRC,44,0.0,0.28,0.12,0.0
QRC,44,0.0,0.28,0.22,0.0
QRC,44,0.0,0.28,0.3,0.0
QRC,44,0.0,0.42,0.0,0.0
QRC,44,0.0,0.42,0.05,0.0
QRC,44,0.0,0.42,0.12,0.0
QRC,44,0.0,0.42,0.22,0.0
QRC,44,0.0,0.42,0.3,0.0
QRC,44,0.02,0.0,0.0,0.0
QRC,44,0.02,0.0,0.05,0.0
QRC,44,0.02,0.0,0.12,0.0
QRC,44,0.02,0.0,0.22,0.0
QRC,44,0.02,0.0,0.3,0.0
QRC,44,0.02,0.05,0.0,0.0
QRC,44,0.02,0.05,0.05,10.42106720849398
QRC,44,0.02,0.05,0.12,10.170315605794706
QRC,44,0.02,0.05,0.22,8.240318610124147
QRC,44,0.02,0.05,0.3,6.740108194432267
QRC,44,0.02,0.1,0.0,0.0
QRC,44,0.02,0.1,0.05,12.963288940442595
QRC,44,0.02,0.1,0.12,11.225788237499696
QRC,44,0.02,0.1,0.22,8.600875009965469
QRC,44,0.02,0.1,0.3,7.137667332866556
QRC,44,0.02,0.12,0.0,0.0193414198922595
QRC,44,0.02,0.12,0.05,12.700983156116546
QRC,44,0.02,0.12,0.12,10.426969153139323
QRC,44,0.02,0.12,0.22,8.338729800298802
QRC,44,0.02,0.12,0.3,7.140484269482941
QRC,44,0.02,0.16,0.0,0.0
QRC,44,0.02,0.16,0.05,11.901396212929878
QRC,44,0.02,0.16,0.12,9.32252679628667
QRC,44,0.02,0.16,0.22,7.170043275603975
QRC,44,0.02,0.16,0.3,6.576249221232688
QRC,44,0.02,0.28,0.0,0.0
QRC,44,0.02,0.28,0.05,9.589880033503633
QRC,44,0.02,0.28,0.12,7.647642360550015
QRC,44,0.02,0.28,0.22,6.259384653124779
QRC,44,0.02,0.28,0.3,5.535055820312159
QRC,44,0.02,0.42,0.0,0.0
QRC,44,0.02,0.42,0.05,11.22936240951704
QRC,44,0.02,0.42,0.12,11.457405946336433
QRC,44,0.02,0.42,0.22,8.901054009841987
QRC,44,0.02,0.42,0.3,7.242287517299085
QRC,44,0.04,0.0,0.0,0.0
QRC,44,0.04,0.0,0.05,0.0
QRC,44,0.04,0.0,0.12,0.0
QRC,44,0.04,0.0,0.22,0.0
QRC,44,0.04,0.0,0.3,0.0
QRC,44,0.04,0.05,0.0,0.0
QRC,44,0.04,0.05,0.05,9.303340922102306
QRC,44,0.04,0.05,0.12,8.858681177373361
QRC,44,0.04,0.05,0.22,7.43499082673371
QRC,44,0.04,0.05,0.3,6.4815720485157815
QRC,44,0.04,0.1,0.0,0.0
QRC,44,0.04,0.1,0.05,11.095612184878542
QRC,44,0.04,0.1,0.12,9.548755729222746
QRC,44,0.04,0.1,0.22,7.672049838773459
QRC,44,0.04,0.1,0.3,6.350814847753184
QRC,44,0.04,0.12,0.0,0.0
QRC,44,0.04,0.12,0.05,10.75487758832385
QRC,44,0.04,0.12,0.12,8.93049823608445
QRC,44,0.04,0.12,0.22,7.508270949972265
QRC,44,0.04,0.12,0.3,6.258075201283256
QRC,44,0.04,0.16,0.0,0.0
QRC,44,0.04,0.16,0.05,10.125319341281282
QRC,44,0.04,0.16,0.12,7.748558253446991
QRC,44,0.04,0.16,0.22,6.384947490302549
QRC,44,0.04,0.16,0.3,5.815095456361771
QRC,44,0.04,0.28,0.0,0.0
QRC,44,0.04,0.28,0.05,7.678915373960139
QRC,44,0.04,0.28,0.12,6.47091940635745
QRC,44,0.04,0.28,0.22,5.707213489084433
QRC,44,0.04,0.28,0.3,5.327905994487088
QRC,44,0.04,0.42,0.0,0.0
QRC,44,0.04,0.42,0.05,9.23387880727469
QRC,44,0.04,0.42,0.12,9.677200768806545
QRC,44,0.04,0.42,0.22,7.741710059426878
QRC,44,0.04,0.42,0.3,6.399212345363539
QRC,44,0.07,0.0,0.0,0.0
QRC,44,0.07,0.0,0.05,0.0
QRC,44,0.07,0.0,0.12,0.0
QRC,44,0.07,0.0,0.22,0.0
QRC,44,0.07,0.0,0.3,0.0
QRC,44,0.07,0.05,0.0,0.0
QRC,44,0.07,0.05,0.05,7.864794705903587
QRC,44,0.07,0.05,0.12,7.638721278060005
QRC,44,0.07,0.05,0.22,6.503295467471451
QRC,44,0.07,0.05,0.3,5.603845631862625
QRC,44,0.07,0.1,0.0,0.0
QRC,44,0.07,0.1,0.05,9.091611360747518
QRC,44,0.07,0.1,0.12,8.191097266588578
QRC,44,0.07,0.1,0.22,6.6715411087311205
QRC,44,0.07,0.1,0.3,5.390282502916788
QRC,44,0.07,0.12,0.0,0.0052730967279072
QRC,44,0.07,0.12,0.05,8.836163024104476
QRC,44,0.07,0.12,0.12,7.719743272583182
QRC,44,0.07,0.12,0.22,6.508480496012913
QRC,44,0.07,0.12,0.3,5.294398145982791
QRC,44,0.07,0.16,0.0,0.0
QRC,44,0.07,0.16,0.05,7.9029878576572115
QRC,44,0.07,0.16,0.12,6.393382267835905
QRC,44,0.07,0.16,0.22,5.467864586399534
QRC,44,0.07,0.16,0.3,4.871464466079253
QRC,44,0.07,0.28,0.0,0.0
QRC,44,0.07,0.28,0.05,5.952318135996496
QRC,44,0.07,0.28,0.12,5.419333320301574
QRC,44,0.07,0.28,0.22,5.013133760650546
QRC,44,0.07,0.28,0.3,4.498682225487983
QRC,44,0.07,0.42,0.0,0.0048869276785694
QRC,44,0.07,0.42,0.05,7.3316667088617375
QRC,44,0.07,0.42,0.12,7.98160611779842
QRC,44,0.07,0.42,0.22,6.645673573321668
QRC,44,0.07,0.42,0.3,5.386169716583501
QRC,44,0.1,0.0,0.0,0.0
QRC,44,0.1,0.0,0.05,0.0
QRC,44,0.1,0.0,0.12,0.0
QRC,44,0.1,0.0,0.22,0.0
QRC,44,0.1,0.0,0.3,0.0
QRC,44,0.1,0.05,0.0,0.0
QRC,44,0.1,0.05,0.05,6.593934283061061
QRC,44,0.1,0.05,0.12,6.544877221659
QRC,44,0.1,0.05,0.22,5.612822889297096
QRC,44,0.1,0.05,0.3,4.894916695651283
QRC,44,0.1,0.1,0.0,0.0061184601900391
QRC,44,0.1,0.1,0.05,7.681779267169252
QRC,44,0.1,0.1,0.12,7.233638257679763
QRC,44,0.1,0.1,0.22,5.81898269013859
QRC,44,0.1,0.1,0.3,4.727066831630072
QRC,44,0.1,0.12,0.0,0.0
QRC,44,0.1,0.12,0.05,7.543799335575295
QRC,44,0.1,0.12,0.12,6.860912336331023
QRC,44,0.1,0.12,0.22,5.673628909572807
QRC,44,0.1,0.12,0.3,4.619154227848022
QRC,44,0.1,0.16,0.0,0.0
QRC,44,0.1,0.16,0.05,6.407481486139579
QRC,44,0.1,0.16,0.12,5.49365012122943
QRC,44,0.1,0.16,0.22,4.746358478316769
QRC,44,0.1,0.16,0.3,4.251463579073067
QRC,44,0.1,0.28,0.0,0.0
QRC,44,0.1,0.28,0.05,4.84447889614393
QRC,44,0.1,0.28,0.12,4.620557031720596
QRC,44,0.1,0.28,0.22,4.266714134406294
QRC,44,0.1,0.28,0.3,3.7961252234039495
QRC,44,0.1,0.42,0.0,0.0
QRC,44,0.1,0.42,0.05,5.879172240341544
QRC,44,0.1,0.42,0.12,6.754269379734224
QRC,44,0.1,0.42,0.22,5.721980732365273
QRC,44,0.1,0.42,0.3,4.7515761452477925
QRC,44,0.22,0.0,0.0,0.0
QRC,44,0.22,0.0,0.05,0.0
QRC,44,0.22,0.0,0.12,0.0
QRC,44,0.22,0.0,0.22,0.0
QRC,44,0.22,0.0,0.3,0.0
QRC,44,0.22,0.05,0.0,0.0
QRC,44,0.22,0.05,0.05,2.6925653630614934
QRC,44,0.22,0.05,0.12,3.4221888211733096
QRC,44,0.22,0.05,0.22,3.626380819383013
QRC,44,0.22,0.05,0.3,3.362060016759695
QRC,44,0.22,0.1,0.0,0.0
QRC,44,0.22,0.1,0.05,3.942714212636591
QRC,44,0.22,0.1,0.12,4.323546159400656
QRC,44,0.22,0.1,0.22,3.489296583232478
QRC,44,0.22,0.1,0.3,3.198569738532786
QRC,44,0.22,0.12,0.0,0.0
QRC,44,0.22,0.12,0.05,4.193860023441399
QRC,44,0.22,0.12,0.12,4.205754412962259
QRC,44,0.22,0.12,0.22,3.3386967241708163
QRC,44,0.22,0.12,0.3,3.046227429767004
QRC,44,0.22,0.16,0.0,0.0
QRC,44,0.22,0.16,0.05,3.571988017998633
QRC,44,0.22,0.16,0.12,3.581027065955974
QRC,44,0.22,0.16,0.22,3.0958564670033084
QRC,44,0.22,0.16,0.3,2.9290902932168037
QRC,44,0.22,0.28,0.0,0.0
QRC,44,0.22,0.28,0.05,2.282824755904276
QRC,44,0.22,0.28,0.12,2.574205489316311
QRC,44,0.22,0.28,0.22,2.581618939878373
QRC,44,0.22,0.28,0.3,2.670363471620897
QRC,44,0.22,0.42,0.0,0.0
QRC,44,0.22,0.42,0.05,3.2004690272839253
QRC,44,0.22,0.42,0.12,3.842203960214304
QRC,44,0.22,0.42,0.22,3.5138819748425973
QRC,44,0.22,0.42,0.3,3.1408525343849623
QRC,44,0.5,0.0,0.0,0.0
QRC,44,0.5,0.0,0.05,0.0
QRC,44,0.5,0.0,0.12,0.0
QRC,44,0.5,0.0,0.22,0.0
QRC,44,0.5,0.0,0.3,0.0
QRC,44,0.5,0.05,0.0,0.0
QRC,44,0.5,0.05,0.05,0.6630544861454208
QRC,44,0.5,0.05,0.12,0.9750991009462155
QRC,44,0.5,0.05,0.22,1.2975254442589796
QRC,44,0.5,0.05,0.3,1.465004076704176
QRC,44,0.5,0.1,0.0,0.0
QRC,44,0.5,0.1,0.05,1.1973866748199158
QRC,44,0.5,0.1,0.12,1.3260296038115342
QRC,44,0.5,0.1,0.22,1.3905568728854083
QRC,44,0.5,0.1,0.3,1.3493983683407036
QRC,44,0.5,0.12,0.0,0.0
QRC,44,0.5,0.12,0.05,1.1243763850098063
QRC,44,0.5,0.12,0.12,1.284429424780544
QRC,44,0.5,0.12,0.22,1.3398322910970948
QRC,44,0.5,0.12,0.3,1.3326237810397945
QRC,44,0.5,0.16,0.0,0.0
QRC,44,0.5,0.16,0.05,0.9966084109609292
QRC,44,0.5,0.16,0.12,1.250956634722558
QRC,44,0.5,0.16,0.22,1.2766765845853194
QRC,44,0.5,0.16,0.3,1.29028041710679
QRC,44,0.5,0.28,0.0,0.0
QRC,44,0.5,0.28,0.05,0.7855633967242063
QRC,44,0.5,0.28,0.12,1.174451902416686
QRC,44,0.5,0.28,0.22,1.1630536585998694
QRC,44,0.5,0.28,0.3,1.11629419485633
QRC,44,0.5,0.42,0.0,0.0
QRC,44,0.5,0.42,0.05,1.1251276224684728
QRC,44,0.5,0.42,0.12,1.445511485850682
QRC,44,0.5,0.42,0.22,1.5479166637197364
QRC,44,0.5,0.42,0.3,1.5130449121268876
QRC,45,0.0,0.0,0.0,0.0
QRC,45,0.0,0.0,0.05,0.0
QRC,45,0.0,0.0,0.12,0.0
QRC,45,0.0,0.0,0.22,0.0
QRC,45,0.0,0.0,0.3,0.0
QRC,45,0.0,0.05,0.0,0.0
QRC,45,0.0,0.05,0.05,0.0
QRC,45,0.0,0.05,0.12,0.0
QRC,45,0.0,0.05,0.22,0.0
QRC,45,0.0,0.05,0.3,0.0
QRC,45,0.0,0.1,0.0,0.0
QRC,45,0.0,0.1,0.05,0.0
QRC,45,0.0,0.1,0.12,0.0
QRC,45,0.0,0.1,0.22,0.0
QRC,45,0.0,0.1,0.3,0.0
QRC,45,0.0,0.12,0.0,0.0
QRC,45,0.0,0.12,0.05,0.0
QRC,45,0.0,0.12,0.12,0.0
QRC,45,0.0,0.12,0.22,0.0
QRC,45,0.0,0.12,0.3,0.0
QRC,45,0.0,0.16,0.0,0.0
QRC,45,0.0,0.16,0.05,0.0
QRC,45,0.0,0.16,0.12,0.0
QRC,45,0.0,0.16,0.22,0.0
QRC,45,0.0,0.16,0.3,0.0
QRC,45,0.0,0.28,0.0,0.0
QRC,45,0.0,0.28,0.05,0.0
QRC,45,0.0,0.28,0.12,0.0
QRC,45,0.0,0.28,0.22,0.0
QRC,45,0.0,0.28,0.3,0.0
QRC,45,0.0,0.42,0.0,0.0
QRC,45,0.0,0.42,0.05,0.0
QRC,45,0.0,0.42,0.12,0.0
QRC,45,0.0,0.42,0.22,0.0
QRC,45,0.0,0.42,0.3,0.0
QRC,45,0.02,0.0,0.0,0.0
QRC,45,0.02,0.0,0.05,0.0
QRC,45,0.02,0.0,0.12,0.0
QRC,45,0.02,0.0,0.22,0.0
QRC,45,0.02,0.0,0.3,0.0
QRC,45,0.02,0.05,0.0,0.0
QRC,45,0.02,0.05,0.05,9.48413165895011
QRC,45,0.02,0.05,0.12,9.348970753829434
QRC,45,0.02,0.05,0.22,7.546344847001942
QRC,45,0.02,0.05,0.3,6.704199033335756
QRC,45,0.02,0.1,0.0,0.0
QRC,45,0.02,0.1,0.05,9.89280624561446
QRC,45,0.02,0.1,0.12,9.115380523657636
QRC,45,0.02,0.1,0.22,7.031822789023953
QRC,45,0.02,0.1,0.3,5.616052386618876
QRC,45,0.02,0.12,0.0,0.0
QRC,45,0.02,0.12,0.05,8.918528525129199
QRC,45,0.02,0.12,0.12,8.19274703131341
QRC,45,0.02,0.12,0.22,6.516357820899732
QRC,45,0.02,0.12,0.3,5.335598843732944
QRC,45,0.02,0.16,0.0,0.0
QRC,45,0.02,0.16,0.05,10.083166948331913
QRC,45,0.02,0.16,0.12,7.823148459618586
QRC,45,0.02,0.16,0.22,6.079506930417301
QRC,45,0.02,0.16,0.3,5.181514789926566
QRC,45,0.02,0.28,0.0,0.0
QRC,45,0.02,0.28,0.05,8.642080419243714
QRC,45,0.02,0.28,0.12,7.27519069905712
QRC,45,0.02,0.28,0.22,5.083596508768366
QRC,45,0.02,0.28,0.3,4.485473056009172
QRC,45,0.02,0.42,0.0,0.0
QRC,45,0.02,0.42,0.05,9.668607158825116
QRC,45,0.02,0.42,0.12,9.561225904355105
QRC,45,0.02,0.42,0.22,7.378147446181423
QRC,45,0.02,0.42,0.3,6.021258218111194
QRC,45,0.04,0.0,0.0,0.0
QRC,45,0.04,0.0,0.05,0.0
QRC,45,0.04,0.0,0.12,0.0
QRC,45,0.04,0.0,0.22,0.0
QRC,45,0.04,0.0,0.3,0.0
QRC,45,0.04,0.05,0.0,0.0
QRC,45,0.04,0.05,0.05,7.775335510385231
QRC,45,0.04,0.05,0.12,8.060669869222586
QRC,45,0.04,0.05,0.22,6.502895059136737
QRC,45,0.04,0.05,0.3,6.178729959705311
QRC,45,0.04,0.1,0.0,0.0
QRC,45,0.04,0.1,0.05,8.638304467439072
QRC,45,0.04,0.1,0.12,7.829496050117477
QRC,45,0.04,0.1,0.22,6.054941253040387
QRC,45,0.04,0.1,0.3,5.1806005777959525
QRC,45,0.04,0.12,0.0,0.0
QRC,45,0.04,0.12,0.05,7.896983213514631
QRC,45,0.04,0.12,0.12,7.043446261127018
QRC,45,0.04,0.12,0.22,6.038940811661148
QRC,45,0.04,0.12,0.3,5.1680230512103975
QRC,45,0.04,0.16,0.0,0.0
QRC,45,0.04,0.16,0.05,8.676013498704021
QRC,45,0.04,0.16,0.12,6.85878726951735
QRC,45,0.04,0.16,0.22,5.569537324224397
QRC,45,0.04,0.16,0.3,5.13106849346169
QRC,45,0.04,0.28,0.0,0.0
QRC,45,0.04,0.28,0.05,7.300065411069638
QRC,45,0.04,0.28,0.12,6.3446145263577325
QRC,45,0.04,0.28,0.22,4.80873910862094
QRC,45,0.04,0.28,0.3,4.337364329148503
QRC,45,0.04,0.42,0.0,0.0
QRC,45,0.04,0.42,0.05,8.44131387816294
QRC,45,0.04,0.42,0.12,8.412144645957982
QRC,45,0.04,0.42,0.22,6.44402293022686
QRC,45,0.04,0.42,0.3,5.634855352550799
QRC,45,0.07,0.0,0.0,0.0
QRC,45,0.07,0.0,0.05,0.0
QRC,45,0.07,0.0,0.12,0.0
QRC,45,0.07,0.0,0.22,0.0
QRC,45,0.07,0.0,0.3,0.0
QRC,45,0.07,0.05,0.0,0.0
QRC,45,0.07,0.05,0.05,6.225226822459618
QRC,45,0.07,0.05,0.12,6.561956949106592
QRC,45,0.07,0.05,0.22,5.691917596875364
QRC,45,0.07,0.05,0.3,5.566164421784927
QRC,45,0.07,0.1,0.0,0.0
QRC,45,0.07,0.1,0.05,7.160011010832855
QRC,45,0.07,0.1,0.12,6.462729873637716
QRC,45,0.07,0.1,0.22,5.1680095289236085
QRC,45,0.07,0.1,0.3,4.71731197595392
QRC,45,0.07,0.12,0.0,0.0
QRC,45,0.07,0.12,0.05,6.6849346200624025
QRC,45,0.07,0.12,0.12,5.957877899266146
QRC,45,0.07,0.12,0.22,5.4395943560196045
QRC,45,0.07,0.12,0.3,4.720256992360394
QRC,45,0.07,0.16,0.0,0.0
QRC,45,0.07,0.16,0.05,7.084729647894144
QRC,45,0.07,0.16,0.12,5.651820174872892
QRC,45,0.07,0.16,0.22,4.93232854568732
QRC,45,0.07,0.16,0.3,4.588955323538375
QRC,45,0.07,0.28,0.0,0.0
QRC,45,0.07,0.28,0.05,6.126227520843891
QRC,45,0.07,0.28,0.12,5.406477729213167
QRC,45,0.07,0.28,0.22,4.536599238014082
QRC,45,0.07,0.28,0.3,3.927067218865055
QRC,45,0.07,0.42,0.0,0.0
QRC,45,0.07,0.42,0.05,7.2715546379691665
QRC,45,0.07,0.42,0.12,7.090173804621079
QRC,45,0.07,0.42,0.22,5.621571000307552
QRC,45,0.07,0.42,0.3,5.0574974835411
QRC,45,0.1,0.0,0.0,0.0
QRC,45,0.1,0.0,0.05,0.0
QRC,45,0.1,0.0,0.12,0.0
QRC,45,0.1,0.0,0.22,0.0
QRC,45,0.1,0.0,0.3,0.0
QRC,45,0.1,0.05,0.0,0.0
QRC,45,0.1,0.05,0.05,4.951992999896742
QRC,45,0.1,0.05,0.12,5.398743088012155
QRC,45,0.1,0.05,0.22,5.106880640519837
QRC,45,0.1,0.05,0.3,4.975933904776614
QRC,45,0.1,0.1,0.0,0.0
QRC,45,0.1,0.1,0.05,5.903294962549607
QRC,45,0.1,0.1,0.12,5.505149375920244
QRC,45,0.1,0.1,0.22,4.532044440827493
QRC,45,0.1,0.1,0.3,4.279212507917871
QRC,45,0.1,0.12,0.0,0.0
QRC,45,0.1,0.12,0.05,5.719983911363125
QRC,45,0.1,0.12,0.12,5.3193458563583125
QRC,45,0.1,0.12,0.22,4.836773657769824
QRC,45,0.1,0.12,0.3,4.3281540313419535
QRC,45,0.1,0.16,0.0,0.0
QRC,45,0.1,0.16,0.05,5.811842277565162
QRC,45,0.1,0.16,0.12,4.8257353504708345
QRC,45,0.1,0.16,0.22,4.380804572406698
QRC,45,0.1,0.16,0.3,3.997978652527559
QRC,45,0.1,0.28,0.0,0.0046117674215925
QRC,45,0.1,0.28,0.05,5.186462446384499
QRC,45,0.1,0.28,0.12,4.739456977770313
QRC,45,0.1,0.28,0.22,4.187707746037428
QRC,45,0.1,0.28,0.3,3.5877329174655666
QRC,45,0.1,0.42,0.0,0.0
QRC,45,0.1,0.42,0.05,6.174093947699567
QRC,45,0.1,0.42,0.12,6.058639969871251
QRC,45,0.1,0.42,0.22,5.054786046932097
QRC,45,0.1,0.42,0.3,4.632049107733554
QRC,45,0.22,0.0,0.0,0.0
QRC,45,0.22,0.0,0.05,0.0
QRC,45,0.22,0.0,0.12,0.0
QRC,45,0.22,0.0,0.22,0.0
QRC,45,0.22,0.0,0.3,0.0
QRC,45,0.22,0.05,0.0,0.0
QRC,45,0.22,0.05,0.05,2.024645336356377
QRC,45,0.22,0.05,0.12,2.7594556614407435
QRC,45,0.22,0.05,0.22,3.149662965735916
QRC,45,0.22,0.05,0.3,3.228030149915872
QRC,45,0.22,0.1,0.0,0.0
QRC,45,0.22,0.1,0.05,3.0955942975073345
QRC,45,0.22,0.1,0.12,3.3255706684342816
QRC,45,0.22,0.1,0.22,3.186542806387781
QRC,45,0.22,0.1,0.3,3.223952657768305
QRC,45,0.22,0.12,0.0,0.0
QRC,45,0.22,0.12,0.05,3.346839609844975
QRC,45,0.22,0.12,0.12,3.4996768808226904
QRC,45,0.22,0.12,0.22,3.268244661734176
QRC,45,0.22,0.12,0.3,3.226715542671177
QRC,45,0.22,0.16,0.0,0.0
QRC,45,0.22,0.16,0.05,3.1401971202859618
QRC,45,0.22,0.16,0.12,3.1189386481872714
QRC,45,0.22,0.16,0.22,2.7073561239774486
QRC,45,0.22,0.16,0.3,2.509497614113645
QRC,45,0.22,0.28,0.0,0.0
QRC,45,0.22,0.28,0.05,2.6369851987624444
QRC,45,0.22,0.28,0.12,2.8572580182378498
QRC,45,0.22,0.28,0.22,2.648085940090856
QRC,45,0.22,0.28,0.3,2.2799136451836706
QRC,45,0.22,0.42,0.0,0.0
QRC,45,0.22,0.42,0.05,2.8758538155441817
QRC,45,0.22,0.42,0.12,3.461759455624557
QRC,45,0.22,0.42,0.22,3.453093256017318
QRC,45,0.22,0.42,0.3,3.415564554717742
QRC,45,0.5,0.0,0.0,0.0
QRC,45,0.5,0.0,0.05,0.0
QRC,45,0.5,0.0,0.12,0.0
QRC,45,0.5,0.0,0.22,0.0
QRC,45,0.5,0.0,0.3,0.0
QRC,45,0.5,0.05,0.0,0.0
QRC,45,0.5,0.05,0.05,0.7263655582979709
QRC,45,0.5,0.05,0.12,1.0290667789047143
QRC,45,0.5,0.05,0.22,1.1926266965287755
QRC,45,0.5,0.05,0.3,1.317315835408973
QRC,45,0.5,0.1,0.0,0.0
QRC,45,0.5,0.1,0.05,1.2754752265935587
QRC,45,0.5,0.1,0.12,1.4048435688319554
QRC,45,0.5,0.1,0.22,1.5746908941886617
QRC,45,0.5,0.1,0.3,1.7113518551527171
QRC,45,0.5,0.12,0.0,0.0
QRC,45,0.5,0.12,0.05,1.2172030972011836
QRC,45,0.5,0.12,0.12,1.4110136510611473
QRC,45,0.5,0.12,0.22,1.5609107729996854
QRC,45,0.5,0.12,0.3,1.683016424594646
QRC,45,0.5,0.16,0.0,0.0
QRC,45,0.5,0.16,0.05,1.221785400524542
QRC,45,0.5,0.16,0.12,1.3806265981444228
QRC,45,0.5,0.16,0.22,1.5048169929052964
QRC,45,0.5,0.16,0.3,1.5258102792764272
QRC,45,0.5,0.28,0.0,0.0
QRC,45,0.5,0.28,0.05,0.9160030527055082
QRC,45,0.5,0.28,0.12,1.1293645611100631
QRC,45,0.5,0.28,0.22,1.226593282596958
QRC,45,0.5,0.28,0.3,1.2915407054544796
QRC,45,0.5,0.42,0.0,0.0036173824421772
QRC,45,0.5,0.42,0.05,0.968334225043527
QRC,45,0.5,0.42,0.12,1.1433232628707437
QRC,45,0.5,0.42,0.22,1.398657692439223
QRC,45,0.5,0.42,0.3,1.573534309216625
QRC,46,0.0,0.0,0.0,0.0
QRC,46,0.0,0.0,0.05,0.0
QRC,46,0.0,0.0,0.12,0.0
QRC,46,0.0,0.0,0.22,0.0
QRC,46,0.0,0.0,0.3,0.0
QRC,46,0.0,0.05,0.0,0.0
QRC,46,0.0,0.05,0.05,0.0
QRC,46,0.0,0.05,0.12,0.0
QRC,46,0.0,0.05,0.22,0.0
QRC,46,0.0,0.05,0.3,0.0
QRC,46,0.0,0.1,0.0,0.0
QRC,46,0.0,0.1,0.05,0.0
QRC,46,0.0,0.1,0.12,0.0
QRC,46,0.0,0.1,0.22,0.0
QRC,46,0.0,0.1,0.3,0.0
QRC,46,0.0,0.12,0.0,0.015928565730843
QRC,46,0.0,0.12,0.05,0.0
QRC,46,0.0,0.12,0.12,0.0
QRC,46,0.0,0.12,0.22,0.0
QRC,46,0.0,0.12,0.3,0.0
QRC,46,0.0,0.16,0.0,0.0
QRC,46,0.0,0.16,0.05,0.0
QRC,46,0.0,0.16,0.12,0.0
QRC,46,0.0,0.16,0.22,0.0
QRC,46,0.0,0.16,0.3,0.0
QRC,46,0.0,0.28,0.0,0.0
QRC,46,0.0,0.28,0.05,0.0
QRC,46,0.0,0.28,0.12,0.0
QRC,46,0.0,0.28,0.22,0.0
QRC,46,0.0,0.28,0.3,0.0
QRC,46,0.0,0.42,0.0,0.0059852432039297
QRC,46,0.0,0.42,0.05,0.0
QRC,46,0.0,0.42,0.12,0.0
QRC,46,0.0,0.42,0.22,0.0
QRC,46,0.0,0.42,0.3,0.0
QRC,46,0.02,0.0,0.0,0.0
QRC,46,0.02,0.0,0.05,0.0
QRC,46,0.02,0.0,0.12,0.0
QRC,46,0.02,0.0,0.22,0.0
QRC,46,0.02,0.0,0.3,0.0
QRC,46,0.02,0.05,0.0,0.0
QRC,46,0.02,0.05,0.05,10.436606249181573
QRC,46,0.02,0.05,0.12,9.520243040711224
QRC,46,0.02,0.05,0.22,7.673060380541362
QRC,46,0.02,0.05,0.3,6.375067539540067
QRC,46,0.02,0.1,0.0,0.0
QRC,46,0.02,0.1,0.05,9.384856761653948
QRC,46,0.02,0.1,0.12,9.045767743010716
QRC,46,0.02,0.1,0.22,7.509357020315669
QRC,46,0.02,0.1,0.3,6.216706722175195
QRC,46,0.02,0.12,0.0,0.0188183506522767
QRC,46,0.02,0.12,0.05,10.283354022059378
QRC,46,0.02,0.12,0.12,9.425482754105577
QRC,46,0.02,0.12,0.22,7.740548985553371
QRC,46,0.02,0.12,0.3,6.836693667215944
QRC,46,0.02,0.16,0.0,0.0
QRC,46,0.02,0.16,0.05,10.803936734631746
QRC,46,0.02,0.16,0.12,8.535629559924455
QRC,46,0.02,0.16,0.22,6.9897053477338575
QRC,46,0.02,0.16,0.3,6.597835374213648
QRC,46,0.02,0.28,0.0,0.0
QRC,46,0.02,0.28,0.05,10.30721561320952
QRC,46,0.02,0.28,0.12,7.884010134442681
QRC,46,0.02,0.28,0.22,6.613543648974096
QRC,46,0.02,0.28,0.3,5.669532769719673
QRC,46,0.02,0.42,0.0,0.0
QRC,46,0.02,0.42,0.05,11.128666212314467
QRC,46,0.02,0.42,0.12,8.054308114682726
QRC,46,0.02,0.42,0.22,7.698142967564813
QRC,46,0.02,0.42,0.3,6.4305540716419625
QRC,46,0.04,0.0,0.0,0.0
QRC,46,0.04,0.0,0.05,0.0
QRC,46,0.04,0.0,0.12,0.0
QRC,46,0.04,0.0,0.22,0.0
QRC,46,0.04,0.0,0.3,0.0
QRC,46,0.04,0.05,0.0,0.0
QRC,46,0.04,0.05,0.05,9.128509798178303
QRC,46,0.04,0.05,0.12,8.374365035632142
QRC,46,0.04,0.05,0.22,6.848638334263932
QRC,46,0.04,0.05,0.3,6.124671804608678
QRC,46,0.04,0.1,0.0,0.0
QRC,46,0.04,0.1,0.05,8.083890281080617
QRC,46,0.04,0.1,0.12,8.1569719705018
QRC,46,0.04,0.1,0.22,6.489408247518604
QRC,46,0.04,0.1,0.3,5.61864174981338
QRC,46,0.04,0.12,0.0,0.0
QRC,46,0.04,0.12,0.05,8.579602541816953
QRC,46,0.04,0.12,0.12,8.380108762120674
QRC,46,0.04,0.12,0.22,6.899147733768562
QRC,46,0.04,0.12,0.3,6.149536174704663
QRC,46,0.04,0.16,0.0,0.0053862651614674
QRC,46,0.04,0.16,0.05,9.154546573874654
QRC,46,0.04,0.16,0.12,7.4302958404040975
QRC,46,0.04,0.16,0.22,6.4106737386219335
QRC,46,0.04,0.16,0.3,6.021452931537366
QRC,46,0.04,0.28,0.0,0.0
QRC,46,0.04,0.28,0.05,8.185223710270678
QRC,46,0.04,0.28,0.12,6.830567510641181
QRC,46,0.04,0.28,0.22,6.01105492115699
QRC,46,0.04,0.28,0.3,5.1603402865608015
QRC,46,0.04,0.42,0.0,0.0
QRC,46,0.04,0.42,0.05,9.233279572557851
QRC,46,0.04,0.42,0.12,7.28718758553549
QRC,46,0.04,0.42,0.22,6.828695806350529
QRC,46,0.04,0.42,0.3,5.733398953970628
QRC,46,0.07,0.0,0.0,0.0
QRC,46,0.07,0.0,0.05,0.0
QRC,46,0.07,0.0,0.12,0.0
QRC,46,0.07,0.0,0.22,0.0
QRC,46,0.07,0.0,0.3,0.0
QRC,46,0.07,0.05,0.0,0.0
QRC,46,0.07,0.05,0.05,7.747189156390284
QRC,46,0.07,0.05,0.12,7.288162935623038
QRC,46,0.07,0.05,0.22,6.050579358881999
QRC,46,0.07,0.05,0.3,5.2625860434079605
QRC,46,0.07,0.1,0.0,0.0
QRC,46,0.07,0.1,0.05,6.960392346358217
QRC,46,0.07,0.1,0.12,7.129305740673176
QRC,46,0.07,0.1,0.22,5.626414865848572
QRC,46,0.07,0.1,0.3,5.013049553716078
QRC,46,0.07,0.12,0.0,0.0112069019876597
QRC,46,0.07,0.12,0.05,7.20220160013701
QRC,46,0.07,0.12,0.12,7.3517841006475555
QRC,46,0.07,0.12,0.22,6.062163487897331
QRC,46,0.07,0.12,0.3,5.354107837303063
QRC,46,0.07,0.16,0.0,0.0
QRC,46,0.07,0.16,0.05,7.600282413769962
QRC,46,0.07,0.16,0.12,6.325507024825821
QRC,46,0.07,0.16,0.22,5.680095821385839
QRC,46,0.07,0.16,0.3,5.1075956337471125
QRC,46,0.07,0.28,0.0,0.0
QRC,46,0.07,0.28,0.05,6.192457693364053
QRC,46,0.07,0.28,0.12,5.853529543078086
QRC,46,0.07,0.28,0.22,5.17572606989685
QRC,46,0.07,0.28,0.3,4.376640699103529
QRC,46,0.07,0.42,0.0,0.0
QRC,46,0.07,0.42,0.05,7.5029297638668355
QRC,46,0.07,0.42,0.12,6.788515548639301
QRC,46,0.07,0.42,0.22,5.969738476715605
QRC,46,0.07,0.42,0.3,5.118917600234939
QRC,46,0.1,0.0,0.0,0.0
QRC,46,0.1,0.0,0.05,0.0
QRC,46,0.1,0.0,0.12,0.0
QRC,46,0.1,0.0,0.22,0.0
QRC,46,0.1,0.0,0.3,0.0
QRC,46,0.1,0.05,0.0,0.0023126367319348
QRC,46,0.1,0.05,0.05,6.648650144861673
QRC,46,0.1,0.05,0.12,6.4315044833530415
QRC,46,0.1,0.05,0.22,5.332678642400172
QRC,46,0.1,0.05,0.3,4.65579497171737
QRC,46,0.1,0.1,0.0,0.0060531027034443
QRC,46,0.1,0.1,0.05,6.211585538623284
QRC,46,0.1,0.1,0.12,6.271528605404116
QRC,46,0.1,0.1,0.22,5.002125851581447
QRC,46,0.1,0.1,0.3,4.494011954932763
QRC,46,0.1,0.12,0.0,0.0
QRC,46,0.1,0.12,0.05,6.27255157846918
QRC,46,0.1,0.12,0.12,6.485376312682714
QRC,46,0.1,0.12,0.22,5.401028748954481
QRC,46,0.1,0.12,0.3,4.77667783886507
QRC,46,0.1,0.16,0.0,0.0
QRC,46,0.1,0.16,0.05,6.366498559691257
QRC,46,0.1,0.16,0.12,5.464953825812561
QRC,46,0.1,0.16,0.22,4.939520500985179
QRC,46,0.1,0.16,0.3,4.365284603718051
QRC,46,0.1,0.28,0.0,0.0
QRC,46,0.1,0.28,0.05,5.036232937791358
QRC,46,0.1,0.28,0.12,5.107080043642762
QRC,46,0.1,0.28,0.22,4.436521043700294
QRC,46,0.1,0.28,0.3,3.765280581026291
QRC,46,0.1,0.42,0.0,0.0
QRC,46,0.1,0.42,0.05,6.530691565088123
QRC,46,0.1,0.42,0.12,6.325795354389289
QRC,46,0.1,0.42,0.22,5.3180033170952905
QRC,46,0.1,0.42,0.3,4.643512586047791
QRC,46,0.22,0.0,0.0,0.0
QRC,46,0.22,0.0,0.05,0.0
QRC,46,0.22,0.0,0.12,0.0
QRC,46,0.22,0.0,0.22,0.0
QRC,46,0.22,0.0,0.3,0.0
QRC,46,0.22,0.05,0.0,0.0
QRC,46,0.22,0.05,0.05,3.560992953819659
QRC,46,0.22,0.05,0.12,3.852841714456062
QRC,46,0.22,0.05,0.22,3.416322743501523
QRC,46,0.22,0.05,0.3,2.9187048095812544
QRC,46,0.22,0.1,0.0,0.0
QRC,46,0.22,0.1,0.05,3.77162970214344
QRC,46,0.22,0.1,0.12,3.933143536833871
QRC,46,0.22,0.1,0.22,3.4623936939733566
QRC,46,0.22,0.1,0.3,3.353877706310632
QRC,46,0.22,0.12,0.0,0.0
QRC,46,0.22,0.12,0.05,3.472360713821011
QRC,46,0.22,0.12,0.12,3.918088363545953
QRC,46,0.22,0.12,0.22,3.4972185821660635
QRC,46,0.22,0.12,0.3,3.2789330486101376
QRC,46,0.22,0.16,0.0,0.0
QRC,46,0.22,0.16,0.05,3.028591805400149
QRC,46,0.22,0.16,0.12,3.1642265893124053
QRC,46,0.22,0.16,0.22,3.2485358279111063
QRC,46,0.22,0.16,0.3,3.1045912822275947
QRC,46,0.22,0.28,0.0,0.0
QRC,46,0.22,0.28,0.05,2.9296614152238027
QRC,46,0.22,0.28,0.12,2.900519025207144
QRC,46,0.22,0.28,0.22,2.819748310408279
QRC,46,0.22,0.28,0.3,2.5766192938364454
QRC,46,0.22,0.42,0.0,0.0019388604953817
QRC,46,0.22,0.42,0.05,3.7324597239196495
QRC,46,0.22,0.42,0.12,3.790399110520759
QRC,46,0.22,0.42,0.22,3.473130072218061
QRC,46,0.22,0.42,0.3,3.1412168324325225
QRC,46,0.5,0.0,0.0,0.0
QRC,46,0.5,0.0,0.05,0.0
QRC,46,0.5,0.0,0.12,0.0
QRC,46,0.5,0.0,0.22,0.0
QRC,46,0.5,0.0,0.3,0.0
QRC,46,0.5,0.05,0.0,0.0
QRC,46,0.5,0.05,0.05,0.8091843260096444
QRC,46,0.5,0.05,0.12,1.2484497897662852
QRC,46,0.5,0.05,0.22,1.4472129531366211
QRC,46,0.5,0.05,0.3,1.4646948117581513
QRC,46,0.5,0.1,0.0,0.0
QRC,46,0.5,0.1,0.05,1.210184048261588
QRC,46,0.5,0.1,0.12,1.4243797225310886
QRC,46,0.5,0.1,0.22,1.3994799758513643
QRC,46,0.5,0.1,0.3,1.3740425047702425
QRC,46,0.5,0.12,0.0,0.0
QRC,46,0.5,0.12,0.05,1.2367011273745925
QRC,46,0.5,0.12,0.12,1.4484546541518264
QRC,46,0.5,0.12,0.22,1.3590834849524165
QRC,46,0.5,0.12,0.3,1.292827772515429
QRC,46,0.5,0.16,0.0,0.0006156213513418
QRC,46,0.5,0.16,0.05,1.1102773615861912
QRC,46,0.5,0.16,0.12,1.3289630042870182
QRC,46,0.5,0.16,0.22,1.3703176931164402
QRC,46,0.5,0.16,0.3,1.327603374361734
QRC,46,0.5,0.28,0.0,0.0
QRC,46,0.5,0.28,0.05,0.6038436574345148
QRC,46,0.5,0.28,0.12,0.9182554526517656
QRC,46,0.5,0.28,0.22,1.1460356716918283
QRC,46,0.5,0.28,0.3,1.2431876123675716
QRC,46,0.5,0.42,0.0,0.0
QRC,46,0.5,0.42,0.05,1.0297715784299566
QRC,46,0.5,0.42,0.12,1.3450499986327311
QRC,46,0.5,0.42,0.22,1.4389143476650896
QRC,46,0.5,0.42,0.3,1.4455711923786383
QRC,47,0.0,0.0,0.0,0.0
QRC,47,0.0,0.0,0.05,0.0
QRC,47,0.0,0.0,0.12,0.0
QRC,47,0.0,0.0,0.22,0.0
QRC,47,0.0,0.0,0.3,0.0
QRC,47,0.0,0.05,0.0,0.0
QRC,47,0.0,0.05,0.05,0.0
QRC,47,0.0,0.05,0.12,0.0
QRC,47,0.0,0.05,0.22,0.0
QRC,47,0.0,0.05,0.3,0.0
QRC,47,0.0,0.1,0.0,0.0143141083503871
QRC,47,0.0,0.1,0.05,0.0
QRC,47,0.0,0.1,0.12,0.0
QRC,47,0.0,0.1,0.22,0.0
QRC,47,0.0,0.1,0.3,0.0
QRC,47,0.0,0.12,0.0,0.0
QRC,47,0.0,0.12,0.05,0.0
QRC,47,0.0,0.12,0.12,0.0
QRC,47,0.0,0.12,0.22,0.0
QRC,47,0.0,0.12,0.3,0.0
QRC,47,0.0,0.16,0.0,0.0
QRC,47,0.0,0.16,0.05,0.0
QRC,47,0.0,0.16,0.12,0.0
QRC,47,0.0,0.16,0.22,0.0
QRC,47,0.0,0.16,0.3,0.0
QRC,47,0.0,0.28,0.0,0.0
QRC,47,0.0,0.28,0.05,0.0
QRC,47,0.0,0.28,0.12,0.0
QRC,47,0.0,0.28,0.22,0.0
QRC,47,0.0,0.28,0.3,0.0
QRC,47,0.0,0.42,0.0,0.0707432257044068
QRC,47,0.0,0.42,0.05,0.0
QRC,47,0.0,0.42,0.12,0.0
QRC,47,0.0,0.42,0.22,0.0
QRC,47,0.0,0.42,0.3,0.0
QRC,47,0.02,0.0,0.0,0.0
QRC,47,0.02,0.0,0.05,0.0
QRC,47,0.02,0.0,0.12,0.0
QRC,47,0.02,0.0,0.22,0.0
QRC,47,0.02,0.0,0.3,0.0
QRC,47,0.02,0.05,0.0,0.0
QRC,47,0.02,0.05,0.05,10.035137415659108
QRC,47,0.02,0.05,0.12,10.25863758690816
QRC,47,0.02,0.05,0.22,7.489402837471612
QRC,47,0.02,0.05,0.3,6.456236003145186
QRC,47,0.02,0.1,0.0,0.0120257396897304
QRC,47,0.02,0.1,0.05,10.735784792314558
QRC,47,0.02,0.1,0.12,9.78856949471924
QRC,47,0.02,0.1,0.22,7.432485771896256
QRC,47,0.02,0.1,0.3,6.102451092402804
QRC,47,0.02,0.12,0.0,0.0
QRC,47,0.02,0.12,0.05,11.734260306123902
QRC,47,0.02,0.12,0.12,9.491987498647328
QRC,47,0.02,0.12,0.22,7.084160417563827
QRC,47,0.02,0.12,0.3,6.027315019246107
QRC,47,0.02,0.16,0.0,0.0
QRC,47,0.02,0.16,0.05,10.933771174061135
QRC,47,0.02,0.16,0.12,9.113973288634003
QRC,47,0.02,0.16,0.22,6.796409906094574
QRC,47,0.02,0.16,0.3,5.7541347423143385
QRC,47,0.02,0.28,0.0,0.0
QRC,47,0.02,0.28,0.05,10.811842909364763
QRC,47,0.02,0.28,0.12,7.893877655678039
QRC,47,0.02,0.28,0.22,6.2436853420032445
QRC,47,0.02,0.28,0.3,4.989721632984912
QRC,47,0.02,0.42,0.0,0.0013533378221693
QRC,47,0.02,0.42,0.05,10.602429744567504
QRC,47,0.02,0.42,0.12,9.754589464632147
QRC,47,0.02,0.42,0.22,7.93728249687461
QRC,47,0.02,0.42,0.3,6.418022107197468
QRC,47,0.04,0.0,0.0,0.0
QRC,47,0.04,0.0,0.05,0.0
QRC,47,0.04,0.0,0.12,0.0
QRC,47,0.04,0.0,0.22,0.0
QRC,47,0.04,0.0,0.3,0.0
QRC,47,0.04,0.05,0.0,0.0
QRC,47,0.04,0.05,0.05,9.073845806706474
QRC,47,0.04,0.05,0.12,8.853018436337535
QRC,47,0.04,0.05,0.22,6.838766438947166
QRC,47,0.04,0.05,0.3,6.363626135974106
QRC,47,0.04,0.1,0.0,0.0
QRC,47,0.04,0.1,0.05,9.143424406875674
QRC,47,0.04,0.1,0.12,8.424284889973919
QRC,47,0.04,0.1,0.22,6.623062278592534
QRC,47,0.04,0.1,0.3,5.826656534711356
QRC,47,0.04,0.12,0.0,0.0118755608803662
QRC,47,0.04,0.12,0.05,9.981765249017458
QRC,47,0.04,0.12,0.12,8.33742775201691
QRC,47,0.04,0.12,0.22,6.451749880736475
QRC,47,0.04,0.12,0.3,5.7695463445166215
QRC,47,0.04,0.16,0.0,0.0086555255332456
QRC,47,0.04,0.16,0.05,9.277824675798522
QRC,47,0.04,0.16,0.12,7.837963711775595
QRC,47,0.04,0.16,0.22,6.205423931838576
QRC,47,0.04,0.16,0.3,5.593871135494654
QRC,47,0.04,0.28,0.0,0.0086820825414786
QRC,47,0.04,0.28,0.05,9.054516584596325
QRC,47,0.04,0.28,0.12,6.824832818223189
QRC,47,0.04,0.28,0.22,5.728152973815648
QRC,47,0.04,0.28,0.3,4.6682931979311695
QRC,47,0.04,0.42,0.0,0.0209553367315963
QRC,47,0.04,0.42,0.05,8.941436275638843
QRC,47,0.04,0.42,0.12,8.582034234459169
QRC,47,0.04,0.42,0.22,6.957331775324231
QRC,47,0.04,0.42,0.3,6.018171634144228
QRC,47,0.07,0.0,0.0,0.0
QRC,47,0.07,0.0,0.05,0.0
QRC,47,0.07,0.0,0.12,0.0
QRC,47,0.07,0.0,0.22,0.0
QRC,47,0.07,0.0,0.3,0.0
QRC,47,0.07,0.05,0.0,0.0
QRC,47,0.07,0.05,0.05,7.897725665517294
QRC,47,0.07,0.05,0.12,7.498522421987445
QRC,47,0.07,0.05,0.22,6.297401008794342
QRC,47,0.07,0.05,0.3,5.743621808713346
QRC,47,0.07,0.1,0.0,0.0
QRC,47,0.07,0.1,0.05,7.753164496714849
QRC,47,0.07,0.1,0.12,7.254694174217276
QRC,47,0.07,0.1,0.22,5.923489344912373
QRC,47,0.07,0.1,0.3,5.204576094861531
QRC,47,0.07,0.12,0.0,0.0
QRC,47,0.07,0.12,0.05,8.322243282389739
QRC,47,0.07,0.12,0.12,7.309796309914735
QRC,47,0.07,0.12,0.22,5.84883566158754
QRC,47,0.07,0.12,0.3,5.177564137134148
QRC,47,0.07,0.16,0.0,0.0
QRC,47,0.07,0.16,0.05,7.612219343880933
QRC,47,0.07,0.16,0.12,6.651970024751272
QRC,47,0.07,0.16,0.22,5.513222963736797
QRC,47,0.07,0.16,0.3,4.992060049043358
QRC,47,0.07,0.28,0.0,0.0386699346714897
QRC,47,0.07,0.28,0.05,7.1097923524614695
QRC,47,0.07,0.28,0.12,5.926249923792874
QRC,47,0.07,0.28,0.22,5.098415831007259
QRC,47,0.07,0.28,0.3,4.18338737295586
QRC,47,0.07,0.42,0.0,0.0
QRC,47,0.07,0.42,0.05,7.482060339885963
QRC,47,0.07,0.42,0.12,7.596722732050049
QRC,47,0.07,0.42,0.22,6.092542677695904
QRC,47,0.07,0.42,0.3,5.439368672378895
QRC,47,0.1,0.0,0.0,0.0
QRC,47,0.1,0.0,0.05,0.0
QRC,47,0.1,0.0,0.12,0.0
QRC,47,0.1,0.0,0.22,0.0
QRC,47,0.1,0.0,0.3,0.0
QRC,47,0.1,0.05,0.0,0.0
QRC,47,0.1,0.05,0.05,6.706503783662419
QRC,47,0.1,0.05,0.12,6.559343389480194
QRC,47,0.1,0.05,0.22,5.77678228483604
QRC,47,0.1,0.05,0.3,5.077767102219313
QRC,47,0.1,0.1,0.0,0.0
QRC,47,0.1,0.1,0.05,6.705060311959262
QRC,47,0.1,0.1,0.12,6.347591574139293
QRC,47,0.1,0.1,0.22,5.355809647902738
QRC,47,0.1,0.1,0.3,4.713839542792761
QRC,47,0.1,0.12,0.0,0.0
QRC,47,0.1,0.12,0.05,7.075426749150985
QRC,47,0.1,0.12,0.12,6.4605232171519145
QRC,47,0.1,0.12,0.22,5.309488357832921
QRC,47,0.1,0.12,0.3,4.7492497067965775
QRC,47,0.1,0.16,0.0,0.0
QRC,47,0.1,0.16,0.05,6.32424082417769
QRC,47,0.1,0.16,0.12,5.77112142961658
QRC,47,0.1,0.16,0.22,5.001933609254573
QRC,47,0.1,0.16,0.3,4.517268267925292
QRC,47,0.1,0.28,0.0,0.0
QRC,47,0.1,0.28,0.05,5.519086329419683
QRC,47,0.1,0.28,0.12,5.270361808792017
QRC,47,0.1,0.28,0.22,4.56927179270824
QRC,47,0.1,0.28,0.3,3.706451379802542
QRC,47,0.1,0.42,0.0,0.0
QRC,47,0.1,0.42,0.05,6.583138924637986
QRC,47,0.1,0.42,0.12,6.766439063780736
QRC,47,0.1,0.42,0.22,5.45189707908499
QRC,47,0.1,0.42,0.3,4.871582973826698
QRC,47,0.22,0.0,0.0,0.0
QRC,47,0.22,0.0,0.05,0.0
QRC,47,0.22,0.0,0.12,0.0
QRC,47,0.22,0.0,0.22,0.0
QRC,47,0.22,0.0,0.3,0.0
QRC,47,0.22,0.05,0.0,0.0043463553007746
QRC,47,0.22,0.05,0.05,3.399510775466475
QRC,47,0.22,0.05,0.12,3.974267577894323
QRC,47,0.22,0.05,0.22,3.7107748146037824
QRC,47,0.22,0.05,0.3,3.329769265083596
QRC,47,0.22,0.1,0.0,0.0
QRC,47,0.22,0.1,0.05,3.3120144800258267
QRC,47,0.22,0.1,0.12,3.7282728260579256
QRC,47,0.22,0.1,0.22,3.631393442622816
QRC,47,0.22,0.1,0.3,3.5484203429348407
QRC,47,0.22,0.12,0.0,0.0
QRC,47,0.22,0.12,0.05,3.4967778206986866
QRC,47,0.22,0.12,0.12,3.80156608368547
QRC,47,0.22,0.12,0.22,3.696017146987284
QRC,47,0.22,0.12,0.3,3.5865077051227146
QRC,47,0.22,0.16,0.0,0.0
QRC,47,0.22,0.16,0.05,3.224547832989851
QRC,47,0.22,0.16,0.12,3.5677495352276454
QRC,47,0.22,0.16,0.22,3.451833540621968
QRC,47,0.22,0.16,0.3,3.2412356213380438
QRC,47,0.22,0.28,0.0,0.0105220611518993
QRC,47,0.22,0.28,0.05,3.1974183436356243
QRC,47,0.22,0.28,0.12,3.267465616661489
QRC,47,0.22,0.28,0.22,2.944757333106252
QRC,47,0.22,0.28,0.3,2.80361639517462
QRC,47,0.22,0.42,0.0,0.0
QRC,47,0.22,0.42,0.05,3.975161789863267
QRC,47,0.22,0.42,0.12,4.144918648584847
QRC,47,0.22,0.42,0.22,3.673972627247193
QRC,47,0.22,0.42,0.3,3.4873619844571198
QRC,47,0.5,0.0,0.0,0.0
QRC,47,0.5,0.0,0.05,0.0
QRC,47,0.5,0.0,0.12,0.0
QRC,47,0.5,0.0,0.22,0.0
QRC,47,0.5,0.0,0.3,0.0
QRC,47,0.5,0.05,0.0,0.0
QRC,47,0.5,0.05,0.05,0.8945548596113395
QRC,47,0.5,0.05,0.12,1.2276964244109767
QRC,47,0.5,0.05,0.22,1.4529854861913272
QRC,47,0.5,0.05,0.3,1.3384430220765575
QRC,47,0.5,0.1,0.0,0.0
QRC,47,0.5,0.1,0.05,1.1687285630835846
QRC,47,0.5,0.1,0.12,1.4580911826381
QRC,47,0.5,0.1,0.22,1.6016384941180837
QRC,47,0.5,0.1,0.3,1.5841951865652937
QRC,47,0.5,0.12,0.0,0.0
QRC,47,0.5,0.12,0.05,1.2263760222765687
QRC,47,0.5,0.12,0.12,1.4390896938693247
QRC,47,0.5,0.12,0.22,1.542536162444893
QRC,47,0.5,0.12,0.3,1.5066398226462392
QRC,47,0.5,0.16,0.0,0.0
QRC,47,0.5,0.16,0.05,1.2936975054840647
QRC,47,0.5,0.16,0.12,1.5454188711791956
QRC,47,0.5,0.16,0.22,1.594323903578867
QRC,47,0.5,0.16,0.3,1.587780538383662
QRC,47,0.5,0.28,0.0,0.0
QRC,47,0.5,0.28,0.05,1.394997970471481
QRC,47,0.5,0.28,0.12,1.6089979059340087
QRC,47,0.5,0.28,0.22,1.2047752050219338
QRC,47,0.5,0.28,0.3,1.0139299979053042
QRC,47,0.5,0.42,0.0,0.0105461284913697
QRC,47,0.5,0.42,0.05,1.047352781468626
QRC,47,0.5,0.42,0.12,1.3009488843511083
QRC,47,0.5,0.42,0.22,1.4536056292939818
QRC,47,0.5,0.42,0.3,1.4858806189741394
QRC,48,0.0,0.0,0.0,0.0
QRC,48,0.0,0.0,0.05,0.0
QRC,48,0.0,0.0,0.12,0.0
QRC,48,0.0,0.0,0.22,0.0
QRC,48,0.0,0.0,0.3,0.0
QRC,48,0.0,0.05,0.0,0.0
QRC,48,0.0,0.05,0.05,0.0
QRC,48,0.0,0.05,0.12,0.0
QRC,48,0.0,0.05,0.22,0.0
QRC,48,0.0,0.05,0.3,0.0
QRC,48,0.0,0.1,0.0,0.0
QRC,48,0.0,0.1,0.05,0.0
QRC,48,0.0,0.1,0.12,0.0
QRC,48,0.0,0.1,0.22,0.0
QRC,48,0.0,0.1,0.3,0.0
QRC,48,0.0,0.12,0.0,0.0070232474108272
QRC,48,0.0,0.12,0.05,0.0
QRC,48,0.0,0.12,0.12,0.0
QRC,48,0.0,0.12,0.22,0.0
QRC,48,0.0,0.12,0.3,0.0
QRC,48,0.0,0.16,0.0,0.0
QRC,48,0.0,0.16,0.05,0.0
QRC,48,0.0,0.16,0.12,0.0
QRC,48,0.0,0.16,0.22,0.0
QRC,48,0.0,0.16,0.3,0.0
QRC,48,0.0,0.28,0.0,0.0
QRC,48,0.0,0.28,0.05,0.0
QRC,48,0.0,0.28,0.12,0.0
QRC,48,0.0,0.28,0.22,0.0
QRC,48,0.0,0.28,0.3,0.0
QRC,48,0.0,0.42,0.0,0.0
QRC,48,0.0,0.42,0.05,0.0
QRC,48,0.0,0.42,0.12,0.0
QRC,48,0.0,0.42,0.22,0.0
QRC,48,0.0,0.42,0.3,0.0
QRC,48,0.02,0.0,0.0,0.0
QRC,48,0.02,0.0,0.05,0.0
QRC,48,0.02,0.0,0.12,0.0
QRC,48,0.02,0.0,0.22,0.0
QRC,48,0.02,0.0,0.3,0.0
QRC,48,0.02,0.05,0.0,0.0
QRC,48,0.02,0.05,0.05,9.173458719666838
QRC,48,0.02,0.05,0.12,8.714997351501147
QRC,48,0.02,0.05,0.22,7.1044420860446
QRC,48,0.02,0.05,0.3,6.281693058346113
QRC,48,0.02,0.1,0.0,0.0
QRC,48,0.02,0.1,0.05,9.021047440794751
QRC,48,0.02,0.1,0.12,7.861349332363879
QRC,48,0.02,0.1,0.22,6.447499773658252
QRC,48,0.02,0.1,0.3,5.265999556630133
QRC,48,0.02,0.12,0.0,0.0
QRC,48,0.02,0.12,0.05,9.060090419586984
QRC,48,0.02,0.12,0.12,7.317440050602317
QRC,48,0.02,0.12,0.22,5.866747780894385
QRC,48,0.02,0.12,0.3,4.5851319215603965
QRC,48,0.02,0.16,0.0,0.0
QRC,48,0.02,0.16,0.05,8.254554877147958
QRC,48,0.02,0.16,0.12,7.390984402472849
QRC,48,0.02,0.16,0.22,5.5323798716468815
QRC,48,0.02,0.16,0.3,4.058401660199018
QRC,48,0.02,0.28,0.0,0.007592875783299
QRC,48,0.02,0.28,0.05,10.795303716424286
QRC,48,0.02,0.28,0.12,8.092365752849842
QRC,48,0.02,0.28,0.22,5.560641608599336
QRC,48,0.02,0.28,0.3,4.102192438569514
QRC,48,0.02,0.42,0.0,0.0
QRC,48,0.02,0.42,0.05,9.695162116797514
QRC,48,0.02,0.42,0.12,8.701460206627981
QRC,48,0.02,0.42,0.22,6.585567001517736
QRC,48,0.02,0.42,0.3,5.609059502065822
QRC,48,0.04,0.0,0.0,0.0
QRC,48,0.04,0.0,0.05,0.0
QRC,48,0.04,0.0,0.12,0.0
QRC,48,0.04,0.0,0.22,0.0
QRC,48,0.04,0.0,0.3,0.0
QRC,48,0.04,0.05,0.0,0.0
QRC,48,0.04,0.05,0.05,8.084823730763459
QRC,48,0.04,0.05,0.12,7.290459428025141
QRC,48,0.04,0.05,0.22,6.495359046570856
QRC,48,0.04,0.05,0.3,5.973973171356397
QRC,48,0.04,0.1,0.0,0.0
QRC,48,0.04,0.1,0.05,8.09109410025158
QRC,48,0.04,0.1,0.12,7.08584458828323
QRC,48,0.04,0.1,0.22,6.107323999462521
QRC,48,0.04,0.1,0.3,5.064549341648634
QRC,48,0.04,0.12,0.0,0.0
QRC,48,0.04,0.12,0.05,7.982745822311874
QRC,48,0.04,0.12,0.12,6.7451209783888935
QRC,48,0.04,0.12,0.22,5.557239463946282
QRC,48,0.04,0.12,0.3,4.651423759871635
QRC,48,0.04,0.16,0.0,0.0
QRC,48,0.04,0.16,0.05,7.158241985247464
QRC,48,0.04,0.16,0.12,6.770710399819826
QRC,48,0.04,0.16,0.22,5.304930449664001
QRC,48,0.04,0.16,0.3,4.065889888626943
QRC,48,0.04,0.28,0.0,0.0031731298561945
QRC,48,0.04,0.28,0.05,9.272521294123615
QRC,48,0.04,0.28,0.12,7.245075234159202
QRC,48,0.04,0.28,0.22,5.491335413041554
QRC,48,0.04,0.28,0.3,4.186788241468153
QRC,48,0.04,0.42,0.0,0.0
QRC,48,0.04,0.42,0.05,8.505192483250797
QRC,48,0.04,0.42,0.12,7.590143413981429
QRC,48,0.04,0.42,0.22,6.279549862993461
QRC,48,0.04,0.42,0.3,5.386717360615656
QRC,48,0.07,0.0,0.0,0.0
QRC,48,0.07,0.0,0.05,0.0
QRC,48,0.07,0.0,0.12,0.0
QRC,48,0.07,0.0,0.22,0.0
QRC,48,0.07,0.0,0.3,0.0
QRC,48,0.07,0.05,0.0,0.0
QRC,48,0.07,0.05,0.05,6.90357500140473
QRC,48,0.07,0.05,0.12,6.124776587171613
QRC,48,0.07,0.05,0.22,5.886627095819664
QRC,48,0.07,0.05,0.3,5.49231959207704
QRC,48,0.07,0.1,0.0,0.0166592062194729
QRC,48,0.07,0.1,0.05,7.136417588360737
QRC,48,0.07,0.1,0.12,6.408143992879031
QRC,48,0.07,0.1,0.22,5.42368120508168
QRC,48,0.07,0.1,0.3,4.514236659419137
QRC,48,0.07,0.12,0.0,0.0
QRC,48,0.07,0.12,0.05,6.992017471348781
QRC,48,0.07,0.12,0.12,6.243592735944523
QRC,48,0.07,0.12,0.22,5.041362630764319
QRC,48,0.07,0.12,0.3,4.364998525967757
QRC,48,0.07,0.16,0.0,0.0
QRC,48,0.07,0.16,0.05,6.264779141329938
QRC,48,0.07,0.16,0.12,6.054081817517499
QRC,48,0.07,0.16,0.22,4.7305785885935
QRC,48,0.07,0.16,0.3,3.566357680408375
QRC,48,0.07,0.28,0.0,0.0
QRC,48,0.07,0.28,0.05,7.750636464285138
QRC,48,0.07,0.28,0.12,6.452629408390147
QRC,48,0.07,0.28,0.22,4.983640967620994
QRC,48,0.07,0.28,0.3,3.968038004945042
QRC,48,0.07,0.42,0.0,0.0027350455582551
QRC,48,0.07,0.42,0.05,7.209500233228867
QRC,48,0.07,0.42,0.12,6.427536971931499
QRC,48,0.07,0.42,0.22,5.523970413010451
QRC,48,0.07,0.42,0.3,4.925207242533475
QRC,48,0.1,0.0,0.0,0.0
QRC,48,0.1,0.0,0.05,0.0
QRC,48,0.1,0.0,0.12,0.0
QRC,48,0.1,0.0,0.22,0.0
QRC,48,0.1,0.0,0.3,0.0
QRC,48,0.1,0.05,0.0,0.0
QRC,48,0.1,0.05,0.05,5.9378183529018
QRC,48,0.1,0.05,0.12,5.524175341674745
QRC,48,0.1,0.05,0.22,5.410755552142821
QRC,48,0.1,0.05,0.3,5.069573248556548
QRC,48,0.1,0.1,0.0,0.0
QRC,48,0.1,0.1,0.05,6.283977300837079
QRC,48,0.1,0.1,0.12,5.822604144606663
QRC,48,0.1,0.1,0.22,4.729317092613757
QRC,48,0.1,0.1,0.3,3.958281932299848
QRC,48,0.1,0.12,0.0,0.0
QRC,48,0.1,0.12,0.05,6.229489110717868
QRC,48,0.1,0.12,0.12,5.782148160237459
QRC,48,0.1,0.12,0.22,4.571390189280386
QRC,48,0.1,0.12,0.3,3.9634489148390353
QRC,48,0.1,0.16,0.0,0.0
QRC,48,0.1,0.16,0.05,5.78426725865028
QRC,48,0.1,0.16,0.12,5.544065179049098
QRC,48,0.1,0.16,0.22,4.215231727935407
QRC,48,0.1,0.16,0.3,3.178739149953345
QRC,48,0.1,0.28,0.0,0.0004053082769004
QRC,48,0.1,0.28,0.05,6.6615852212027065
QRC,48,0.1,0.28,0.12,5.791982080799793
QRC,48,0.1,0.28,0.22,4.488095251766782
QRC,48,0.1,0.28,0.3,3.719378294203016
QRC,48,0.1,0.42,0.0,0.0
QRC,48,0.1,0.42,0.05,6.203694874360901
QRC,48,0.1,0.42,0.12,5.617551480202956
QRC,48,0.1,0.42,0.22,4.842085550345157
QRC,48,0.1,0.42,0.3,4.413822265428023
QRC,48,0.22,0.0,0.0,0.006541865422343
QRC,48,0.22,0.0,0.05,0.0
QRC,48,0.22,0.0,0.12,0.0
QRC,48,0.22,0.0,0.22,0.0
QRC,48,0.22,0.0,0.3,0.0
QRC,48,0.22,0.05,0.0,0.0829571530297025
QRC,48,0.22,0.05,0.05,3.390050001898242
QRC,48,0.22,0.05,0.12,3.7574851552299298
QRC,48,0.22,0.05,0.22,3.639695778909512
QRC,48,0.22,0.05,0.3,3.3644568722093533
QRC,48,0.22,0.1,0.0,0.0
QRC,48,0.22,0.1,0.05,3.791116829824692
QRC,48,0.22,0.1,0.12,3.5525610362968743
QRC,48,0.22,0.1,0.22,3.044067794350983
QRC,48,0.22,0.1,0.3,2.926678825958184
QRC,48,0.22,0.12,0.0,0.0
QRC,48,0.22,0.12,0.05,3.9350810679848216
QRC,48,0.22,0.12,0.12,3.746560221870554
QRC,48,0.22,0.12,0.22,3.20784647670312
QRC,48,0.22,0.12,0.3,2.9755518793605686
QRC,48,0.22,0.16,0.0,0.0044032723376389
QRC,48,0.22,0.16,0.05,3.8431125636906898
QRC,48,0.22,0.16,0.12,3.658519999522813
QRC,48,0.22,0.16,0.22,2.7576290174598865
QRC,48,0.22,0.16,0.3,2.313343767666286
QRC,48,0.22,0.28,0.0,0.0
QRC,48,0.22,0.28,0.05,3.487155887624305
QRC,48,0.22,0.28,0.12,3.568443923091846
QRC,48,0.22,0.28,0.22,2.980341614906319
QRC,48,0.22,0.28,0.3,2.6445525427852834
QRC,48,0.22,0.42,0.0,0.0
QRC,48,0.22,0.42,0.05,3.785527261170636
QRC,48,0.22,0.42,0.12,3.5161110065117
QRC,48,0.22,0.42,0.22,3.2218068169657403
QRC,48,0.22,0.42,0.3,3.0902414372662075
QRC,48,0.5,0.0,0.0,0.0
QRC,48,0.5,0.0,0.05,0.0
QRC,48,0.5,0.0,0.12,0.0133814985882261
QRC,48,0.5,0.0,0.22,0.0052618529530048
QRC,48,0.5,0.0,0.3,0.0
QRC,48,0.5,0.05,0.0,0.0
QRC,48,0.5,0.05,0.05,1.1918648025142122
QRC,48,0.5,0.05,0.12,1.2873827041379766
QRC,48,0.5,0.05,0.22,1.3117285937003371
QRC,48,0.5,0.05,0.3,1.3634081477569469
QRC,48,0.5,0.1,0.0,0.0
QRC,48,0.5,0.1,0.05,1.4206998276248597
QRC,48,0.5,0.1,0.12,1.5522831417171374
QRC,48,0.5,0.1,0.22,1.6600833565533328
QRC,48,0.5,0.1,0.3,1.6219984645788217
QRC,48,0.5,0.12,0.0,0.0
QRC,48,0.5,0.12,0.05,1.282012916807353
QRC,48,0.5,0.12,0.12,1.4445890782011264
QRC,48,0.5,0.12,0.22,1.6615269724405488
QRC,48,0.5,0.12,0.3,1.6578395084717688
QRC,48,0.5,0.16,0.0,0.0
QRC,48,0.5,0.16,0.05,1.1182701754282436
QRC,48,0.5,0.16,0.12,1.4643673454206416
QRC,48,0.5,0.16,0.22,1.6536082740428286
QRC,48,0.5,0.16,0.3,1.6630814221923709
QRC,48,0.5,0.28,0.0,0.0
QRC,48,0.5,0.28,0.05,0.6453431033315655
QRC,48,0.5,0.28,0.12,0.8856838253869709
QRC,48,0.5,0.28,0.22,0.966158663771917
QRC,48,0.5,0.28,0.3,1.0359074955089946
QRC,48,0.5,0.42,0.0,0.0
QRC,48,0.5,0.42,0.05,1.4897620396346838
QRC,48,0.5,0.42,0.12,1.637426860486291
QRC,48,0.5,0.42,0.22,1.655293280263681
QRC,48,0.5,0.42,0.3,1.5530700846826844
QRC,49,0.0,0.0,0.0,0.0
QRC,49,0.0,0.0,0.05,0.0
QRC,49,0.0,0.0,0.12,0.0
QRC,49,0.0,0.0,0.22,0.0
QRC,49,0.0,0.0,0.3,0.0
QRC,49,0.0,0.05,0.0,0.0
QRC,49,0.0,0.05,0.05,0.0
QRC,49,0.0,0.05,0.12,0.0
QRC,49,0.0,0.05,0.22,0.0
QRC,49,0.0,0.05,0.3,0.0
QRC,49,0.0,0.1,0.0,0.0
QRC,49,0.0,0.1,0.05,0.0
QRC,49,0.0,0.1,0.12,0.0
QRC,49,0.0,0.1,0.22,0.0
QRC,49,0.0,0.1,0.3,0.0
QRC,49,0.0,0.12,0.0,0.0095825504650445
QRC,49,0.0,0.12,0.05,0.0
QRC,49,0.0,0.12,0.12,0.0
QRC,49,0.0,0.12,0.22,0.0
QRC,49,0.0,0.12,0.3,0.0
QRC,49,0.0,0.16,0.0,0.0
QRC,49,0.0,0.16,0.05,0.0
QRC,49,0.0,0.16,0.12,0.0
QRC,49,0.0,0.16,0.22,0.0
QRC,49,0.0,0.16,0.3,0.0
QRC,49,0.0,0.28,0.0,0.005767767771854
QRC,49,0.0,0.28,0.05,0.0
QRC,49,0.0,0.28,0.12,0.0
QRC,49,0.0,0.28,0.22,0.0
QRC,49,0.0,0.28,0.3,0.0
QRC,49,0.0,0.42,0.0,0.0069942904863081
QRC,49,0.0,0.42,0.05,0.0
QRC,49,0.0,0.42,0.12,0.0
QRC,49,0.0,0.42,0.22,0.0
QRC,49,0.0,0.42,0.3,0.0
QRC,49,0.02,0.0,0.0,0.0
QRC,49,0.02,0.0,0.05,0.0
QRC,49,0.02,0.0,0.12,0.0
QRC,49,0.02,0.0,0.22,0.0
QRC,49,0.02,0.0,0.3,0.0
QRC,49,0.02,0.05,0.0,0.004723571781256
QRC,49,0.02,0.05,0.05,10.22317676601591
QRC,49,0.02,0.05,0.12,8.207516759787092
QRC,49,0.02,0.05,0.22,6.293498873256556
QRC,49,0.02,0.05,0.3,5.487495920735029
QRC,49,0.02,0.1,0.0,0.0
QRC,49,0.02,0.1,0.05,11.27455312654517
QRC,49,0.02,0.1,0.12,7.932713033361644
QRC,49,0.02,0.1,0.22,5.3999484658950365
QRC,49,0.02,0.1,0.3,3.987080529536886
QRC,49,0.02,0.12,0.0,0.0
QRC,49,0.02,0.12,0.05,10.757369682706916
QRC,49,0.02,0.12,0.12,7.747914447358864
QRC,49,0.02,0.12,0.22,4.868531596383042
QRC,49,0.02,0.12,0.3,4.082326177826946
QRC,49,0.02,0.16,0.0,0.0
QRC,49,0.02,0.16,0.05,10.541507562222842
QRC,49,0.02,0.16,0.12,7.423624520255271
QRC,49,0.02,0.16,0.22,5.000704522320291
QRC,49,0.02,0.16,0.3,4.039230084304838
QRC,49,0.02,0.28,0.0,0.0191236229460727
QRC,49,0.02,0.28,0.05,11.257834193313869
QRC,49,0.02,0.28,0.12,7.237303188873569
QRC,49,0.02,0.28,0.22,4.64432051722104
QRC,49,0.02,0.28,0.3,3.247541405899692
QRC,49,0.02,0.42,0.0,0.0
QRC,49,0.02,0.42,0.05,11.198402303811356
QRC,49,0.02,0.42,0.12,8.684392664514032
QRC,49,0.02,0.42,0.22,5.689794920836934
QRC,49,0.02,0.42,0.3,4.273834246618386
QRC,49,0.04,0.0,0.0,0.0
QRC,49,0.04,0.0,0.05,0.0
QRC,49,0.04,0.0,0.12,0.0
QRC,49,0.04,0.0,0.22,0.0
QRC,49,0.04,0.0,0.3,0.0
QRC,49,0.04,0.05,0.0,0.0
QRC,49,0.04,0.05,0.05,8.784444696126082
QRC,49,0.04,0.05,0.12,7.462079459942436
QRC,49,0.04,0.05,0.22,6.018723925878585
QRC,49,0.04,0.05,0.3,5.418294957936174
QRC,49,0.04,0.1,0.0,0.0
QRC,49,0.04,0.1,0.05,9.95930942865953
QRC,49,0.04,0.1,0.12,7.596468344214238
QRC,49,0.04,0.1,0.22,5.414985200330708
QRC,49,0.04,0.1,0.3,4.303683730772485
QRC,49,0.04,0.12,0.0,0.0
QRC,49,0.04,0.12,0.05,9.876568775133036
QRC,49,0.04,0.12,0.12,7.620054981544204
QRC,49,0.04,0.12,0.22,4.979099719893469
QRC,49,0.04,0.12,0.3,4.256947165542931
QRC,49,0.04,0.16,0.0,0.0
QRC,49,0.04,0.16,0.05,9.354646234321091
QRC,49,0.04,0.16,0.12,7.283765637216537
QRC,49,0.04,0.16,0.22,5.016246385387442
QRC,49,0.04,0.16,0.3,4.275703163245939
QRC,49,0.04,0.28,0.0,0.0
QRC,49,0.04,0.28,0.05,10.050533788831531
QRC,49,0.04,0.28,0.12,6.6794398135990685
QRC,49,0.04,0.28,0.22,4.683472921757545
QRC,49,0.04,0.28,0.3,3.5555477435654743
QRC,49,0.04,0.42,0.0,0.0
QRC,49,0.04,0.42,0.05,10.063756757016078
QRC,49,0.04,0.42,0.12,8.22143737179092
QRC,49,0.04,0.42,0.22,5.744232642506172
QRC,49,0.04,0.42,0.3,4.300180183393061
QRC,49,0.07,0.0,0.0,0.0
QRC,49,0.07,0.0,0.05,0.0
QRC,49,0.07,0.0,0.12,0.0
QRC,49,0.07,0.0,0.22,0.0
QRC,49,0.07,0.0,0.3,0.0
QRC,49,0.07,0.05,0.0,0.0
QRC,49,0.07,0.05,0.05,7.453385891028413
QRC,49,0.07,0.05,0.12,6.586972709384456
QRC,49,0.07,0.05,0.22,5.564369059655483
QRC,49,0.07,0.05,0.3,5.009951470078413
QRC,49,0.07,0.1,0.0,0.0
QRC,49,0.07,0.1,0.05,8.4811362973329
QRC,49,0.07,0.1,0.12,6.7986627956545895
QRC,49,0.07,0.1,0.22,5.112678819208929
QRC,49,0.07,0.1,0.3,4.15633823701836
QRC,49,0.07,0.12,0.0,0.0
QRC,49,0.07,0.12,0.05,8.735380771884834
QRC,49,0.07,0.12,0.12,6.883518695937518
QRC,49,0.07,0.12,0.22,4.918755293074804
QRC,49,0.07,0.12,0.3,4.202928018877486
QRC,49,0.07,0.16,0.0,0.0
QRC,49,0.07,0.16,0.05,8.08251489991002
QRC,49,0.07,0.16,0.12,6.794143800406969
QRC,49,0.07,0.16,0.22,4.966802192196709
QRC,49,0.07,0.16,0.3,4.191241204834808
QRC,49,0.07,0.28,0.0,0.0
QRC,49,0.07,0.28,0.05,8.309315308243734
QRC,49,0.07,0.28,0.12,5.95143388907845
QRC,49,0.07,0.28,0.22,4.438992495436432
QRC,49,0.07,0.28,0.3,3.496701119881561
QRC,49,0.07,0.42,0.0,0.0032722546215238
QRC,49,0.07,0.42,0.05,8.874305341239245
QRC,49,0.07,0.42,0.12,7.386243995362051
QRC,49,0.07,0.42,0.22,5.249618739376899
QRC,49,0.07,0.42,0.3,4.167701357555053
QRC,49,0.1,0.0,0.0,0.0
QRC,49,0.1,0.0,0.05,0.0
QRC,49,0.1,0.0,0.12,0.0
QRC,49,0.1,0.0,0.22,0.0
QRC,49,0.1,0.0,0.3,0.0
QRC,49,0.1,0.05,0.0,0.0
QRC,49,0.1,0.05,0.05,6.509197018734256
QRC,49,0.1,0.05,0.12,5.878794659460855
QRC,49,0.1,0.05,0.22,5.024964176045897
QRC,49,0.1,0.05,0.3,4.483349787781104
QRC,49,0.1,0.1,0.0,0.0
QRC,49,0.1,0.1,0.05,7.327564369482617
QRC,49,0.1,0.1,0.12,6.100963034537543
QRC,49,0.1,0.1,0.22,4.711613899743626
QRC,49,0.1,0.1,0.3,3.7337366523172353
QRC,49,0.1,0.12,0.0,0.0
QRC,49,0.1,0.12,0.05,7.601009681588451
QRC,49,0.1,0.12,0.12,6.151085262404964
QRC,49,0.1,0.12,0.22,4.700783334907923
QRC,49,0.1,0.12,0.3,3.956011835206351
QRC,49,0.1,0.16,0.0,0.0083573045173385
QRC,49,0.1,0.16,0.05,7.010194632743088
QRC,49,0.1,0.16,0.12,6.266570211794722
QRC,49,0.1,0.16,0.22,4.857632395534177
QRC,49,0.1,0.16,0.3,3.964403809233146
QRC,49,0.1,0.28,0.0,0.0
QRC,49,0.1,0.28,0.05,6.996282704847866
QRC,49,0.1,0.28,0.12,5.419685285014637
QRC,49,0.1,0.28,0.22,3.959793537600928
QRC,49,0.1,0.28,0.3,3.275072443969779
QRC,49,0.1,0.42,0.0,0.0
QRC,49,0.1,0.42,0.05,7.877231564035151
QRC,49,0.1,0.42,0.12,6.6830184420099386
QRC,49,0.1,0.42,0.22,4.768807271715335
QRC,49,0.1,0.42,0.3,4.019345777768442
QRC,49,0.22,0.0,0.0,0.0
QRC,49,0.22,0.0,0.05,0.0
QRC,49,0.22,0.0,0.12,0.0
QRC,49,0.22,0.0,0.22,0.0
QRC,49,0.22,0.0,0.3,0.0
QRC,49,0.22,0.05,0.0,0.0
QRC,49,0.22,0.05,0.05,3.7568358018332377
QRC,49,0.22,0.05,0.12,4.162958815262954
QRC,49,0.22,0.05,0.22,3.703145544028098
QRC,49,0.22,0.05,0.3,3.462651251631343
QRC,49,0.22,0.1,0.0,0.0
QRC,49,0.22,0.1,0.05,4.01749576653931
QRC,49,0.22,0.1,0.12,4.178679604924349
QRC,49,0.22,0.1,0.22,3.231950656998775
QRC,49,0.22,0.1,0.3,2.868459302086788
QRC,49,0.22,0.12,0.0,0.0
QRC,49,0.22,0.12,0.05,4.132073871180403
QRC,49,0.22,0.12,0.12,4.23316784687903
QRC,49,0.22,0.12,0.22,3.552777124847233
QRC,49,0.22,0.12,0.3,2.812943189289628
QRC,49,0.22,0.16,0.0,0.0
QRC,49,0.22,0.16,0.05,4.300237234643637
QRC,49,0.22,0.16,0.12,4.375428605194876
QRC,49,0.22,0.16,0.22,3.644310589955954
QRC,49,0.22,0.16,0.3,2.926683072484148
QRC,49,0.22,0.28,0.0,0.0
QRC,49,0.22,0.28,0.05,3.950182520489857
QRC,49,0.22,0.28,0.12,3.3176427330277507
QRC,49,0.22,0.28,0.22,2.7252800549465865
QRC,49,0.22,0.28,0.3,2.4849326299487524
QRC,49,0.22,0.42,0.0,0.0
QRC,49,0.22,0.42,0.05,4.731319568926645
QRC,49,0.22,0.42,0.12,4.49228148054851
QRC,49,0.22,0.42,0.22,3.682174696951422
QRC,49,0.22,0.42,0.3,3.292662698612511
QRC,49,0.5,0.0,0.0,0.0
QRC,49,0.5,0.0,0.05,0.0170759543887255
QRC,49,0.5,0.0,0.12,0.0118675483266479
QRC,49,0.5,0.0,0.22,0.0
QRC,49,0.5,0.0,0.3,0.0
QRC,49,0.5,0.05,0.0,0.0
QRC,49,0.5,0.05,0.05,1.2261078073444822
QRC,49,0.5,0.05,0.12,1.6256166751210657
QRC,49,0.5,0.05,0.22,1.5290077775898476
QRC,49,0.5,0.05,0.3,1.548598646232691
QRC,49,0.5,0.1,0.0,0.0
QRC,49,0.5,0.1,0.05,1.2813842184431157
QRC,49,0.5,0.1,0.12,1.621601443463574
QRC,49,0.5,0.1,0.22,1.563690067183614
QRC,49,0.5,0.1,0.3,1.5282815028836183
QRC,49,0.5,0.12,0.0,0.0
QRC,49,0.5,0.12,0.05,1.3152178670636592
QRC,49,0.5,0.12,0.12,1.7195513234780142
QRC,49,0.5,0.12,0.22,1.5361530299001656
QRC,49,0.5,0.12,0.3,1.4985416904606312
QRC,49,0.5,0.16,0.0,0.0031217537234926
QRC,49,0.5,0.16,0.05,1.1630172463731996
QRC,49,0.5,0.16,0.12,1.8232858704439636
QRC,49,0.5,0.16,0.22,1.900434494516454
QRC,49,0.5,0.16,0.3,1.6354751478726188
QRC,49,0.5,0.28,0.0,0.0
QRC,49,0.5,0.28,0.05,0.818696213383439
QRC,49,0.5,0.28,0.12,1.1366849677154252
QRC,49,0.5,0.28,0.22,1.3616124039602335
QRC,49,0.5,0.28,0.3,1.4517066485194463
QRC,49,0.5,0.42,0.0,0.0
QRC,49,0.5,0.42,0.05,1.3461202060442043
QRC,49,0.5,0.42,0.12,1.7238955858682157
QRC,49,0.5,0.42,0.22,1.784690955737504
QRC,49,0.5,0.42,0.3,1.619337487315422
QRC,50,0.0,0.0,0.0,0.0032389196944049
QRC,50,0.0,0.0,0.05,0.0
QRC,50,0.0,0.0,0.12,0.0
QRC,50,0.0,0.0,0.22,0.0
QRC,50,0.0,0.0,0.3,0.0
QRC,50,0.0,0.05,0.0,0.0
QRC,50,0.0,0.05,0.05,0.0
QRC,50,0.0,0.05,0.12,0.0
QRC,50,0.0,0.05,0.22,0.0
QRC,50,0.0,0.05,0.3,0.0
QRC,50,0.0,0.1,0.0,0.0090234758234374
QRC,50,0.0,0.1,0.05,0.0
QRC,50,0.0,0.1,0.12,0.0
QRC,50,0.0,0.1,0.22,0.0
QRC,50,0.0,0.1,0.3,0.0
QRC,50,0.0,0.12,0.0,0.0
QRC,50,0.0,0.12,0.05,0.0
QRC,50,0.0,0.12,0.12,0.0
QRC,50,0.0,0.12,0.22,0.0
QRC,50,0.0,0.12,0.3,0.0
QRC,50,0.0,0.16,0.0,0.0
QRC,50,0.0,0.16,0.05,0.0
QRC,50,0.0,0.16,0.12,0.0
QRC,50,0.0,0.16,0.22,0.0
QRC,50,0.0,0.16,0.3,0.0
QRC,50,0.0,0.28,0.0,0.0
QRC,50,0.0,0.28,0.05,0.0
QRC,50,0.0,0.28,0.12,0.0
QRC,50,0.0,0.28,0.22,0.0
QRC,50,0.0,0.28,0.3,0.0
QRC,50,0.0,0.42,0.0,0.0
QRC,50,0.0,0.42,0.05,0.0
QRC,50,0.0,0.42,0.12,0.0
QRC,50,0.0,0.42,0.22,0.0
QRC,50,0.0,0.42,0.3,0.0
QRC,50,0.02,0.0,0.0,0.0001522359336297
QRC,50,0.02,0.0,0.05,0.0
QRC,50,0.02,0.0,0.12,0.0
QRC,50,0.02,0.0,0.22,0.0
QRC,50,0.02,0.0,0.3,0.0
QRC,50,0.02,0.05,0.0,0.0
QRC,50,0.02,0.05,0.05,10.820634502502422
QRC,50,0.02,0.05,0.12,10.44272068354279
QRC,50,0.02,0.05,0.22,8.264570490408481
QRC,50,0.02,0.05,0.3,6.980304252996731
QRC,50,0.02,0.1,0.0,0.0517823277357937
QRC,50,0.02,0.1,0.05,12.629132255706054
QRC,50,0.02,0.1,0.12,10.913927576245843
QRC,50,0.02,0.1,0.22,7.578544363979129
QRC,50,0.02,0.1,0.3,6.677395122933323
QRC,50,0.02,0.12,0.0,0.0
QRC,50,0.02,0.12,0.05,12.464369734476772
QRC,50,0.02,0.12,0.12,10.861458082817547
QRC,50,0.02,0.12,0.22,7.777750550904186
QRC,50,0.02,0.12,0.3,6.473794477353533
QRC,50,0.02,0.16,0.0,0.0
QRC,50,0.02,0.16,0.05,12.131835643671902
QRC,50,0.02,0.16,0.12,10.210203638943575
QRC,50,0.02,0.16,0.22,7.5872251092480445
QRC,50,0.02,0.16,0.3,6.275180373349132
QRC,50,0.02,0.28,0.0,0.0
QRC,50,0.02,0.28,0.05,10.032218011453155
QRC,50,0.02,0.28,0.12,7.7596524584230755
QRC,50,0.02,0.28,0.22,6.455069700795496
QRC,50,0.02,0.28,0.3,5.3215112095782775
QRC,50,0.02,0.42,0.0,0.0
QRC,50,0.02,0.42,0.05,10.910188607721492
QRC,50,0.02,0.42,0.12,10.513890568531892
QRC,50,0.02,0.42,0.22,7.517035106696753
QRC,50,0.02,0.42,0.3,6.695802083875273
QRC,50,0.04,0.0,0.0,0.0
QRC,50,0.04,0.0,0.05,0.0
QRC,50,0.04,0.0,0.12,0.0
QRC,50,0.04,0.0,0.22,0.0
QRC,50,0.04,0.0,0.3,0.0
QRC,50,0.04,0.05,0.0,0.0
QRC,50,0.04,0.05,0.05,9.906464123967448
QRC,50,0.04,0.05,0.12,9.12423637383645
QRC,50,0.04,0.05,0.22,7.296150227595595
QRC,50,0.04,0.05,0.3,6.251050518424666
QRC,50,0.04,0.1,0.0,0.0086427572803948
QRC,50,0.04,0.1,0.05,11.159896440063672
QRC,50,0.04,0.1,0.12,9.276580452227458
QRC,50,0.04,0.1,0.22,6.585114186375563
QRC,50,0.04,0.1,0.3,5.8508626736035865
QRC,50,0.04,0.12,0.0,0.0
QRC,50,0.04,0.12,0.05,11.010622841526178
QRC,50,0.04,0.12,0.12,9.149796706471983
QRC,50,0.04,0.12,0.22,6.676726923410039
QRC,50,0.04,0.12,0.3,5.765168280555875
QRC,50,0.04,0.16,0.0,0.0
QRC,50,0.04,0.16,0.05,10.349601656958791
QRC,50,0.04,0.16,0.12,8.501893516264612
QRC,50,0.04,0.16,0.22,6.525215847724774
QRC,50,0.04,0.16,0.3,5.805688480322827
QRC,50,0.04,0.28,0.0,0.0
QRC,50,0.04,0.28,0.05,8.199394354677786
QRC,50,0.04,0.28,0.12,6.576456028662513
QRC,50,0.04,0.28,0.22,5.519234986278372
QRC,50,0.04,0.28,0.3,5.050113652481012
QRC,50,0.04,0.42,0.0,0.0
QRC,50,0.04,0.42,0.05,9.494896891846254
QRC,50,0.04,0.42,0.12,8.584756386835966
QRC,50,0.04,0.42,0.22,6.700694652320486
QRC,50,0.04,0.42,0.3,6.096528630139282
QRC,50,0.07,0.0,0.0,0.0
QRC,50,0.07,0.0,0.05,0.0
QRC,50,0.07,0.0,0.12,0.0
QRC,50,0.07,0.0,0.22,0.0
QRC,50,0.07,0.0,0.3,0.0
QRC,50,0.07,0.05,0.0,0.002837052623226
QRC,50,0.07,0.05,0.05,8.694298293500417
QRC,50,0.07,0.05,0.12,7.8214008013547325
QRC,50,0.07,0.05,0.22,6.404533374390848
QRC,50,0.07,0.05,0.3,5.4190824470727925
QRC,50,0.07,0.1,0.0,0.0136840621696771
QRC,50,0.07,0.1,0.05,9.228014459344918
QRC,50,0.07,0.1,0.12,7.901836771438969
QRC,50,0.07,0.1,0.22,5.824064820564215
QRC,50,0.07,0.1,0.3,5.010677864432863
QRC,50,0.07,0.12,0.0,0.0090612482841492
QRC,50,0.07,0.12,0.05,9.284267295402936
QRC,50,0.07,0.12,0.12,7.822167056984306
QRC,50,0.07,0.12,0.22,5.834223590824042
QRC,50,0.07,0.12,0.3,5.0717120599932
QRC,50,0.07,0.16,0.0,0.0
QRC,50,0.07,0.16,0.05,8.399392618622864
QRC,50,0.07,0.16,0.12,7.076824263514942
QRC,50,0.07,0.16,0.22,5.598449374051108
QRC,50,0.07,0.16,0.3,5.158526009827694
QRC,50,0.07,0.28,0.0,0.0
QRC,50,0.07,0.28,0.05,6.30647204115793
QRC,50,0.07,0.28,0.12,5.277554795053388
QRC,50,0.07,0.28,0.22,4.475822239221622
QRC,50,0.07,0.28,0.3,4.372735951195781
QRC,50,0.07,0.42,0.0,0.0
QRC,50,0.07,0.42,0.05,8.270462977206776
QRC,50,0.07,0.42,0.12,7.155010290268367
QRC,50,0.07,0.42,0.22,5.994919133501104
QRC,50,0.07,0.42,0.3,5.333838057776584
QRC,50,0.1,0.0,0.0,0.0
QRC,50,0.1,0.0,0.05,0.0
QRC,50,0.1,0.0,0.12,0.0
QRC,50,0.1,0.0,0.22,0.0
QRC,50,0.1,0.0,0.3,0.0
QRC,50,0.1,0.05,0.0,0.0026084966644179
QRC,50,0.1,0.05,0.05,7.3613502282288925
QRC,50,0.1,0.05,0.12,6.761826238277426
QRC,50,0.1,0.05,0.22,5.702931590725184
QRC,50,0.1,0.05,0.3,4.837914914511472
QRC,50,0.1,0.1,0.0,0.0
QRC,50,0.1,0.1,0.05,7.664806079786168
QRC,50,0.1,0.1,0.12,6.947864467906797
QRC,50,0.1,0.1,0.22,5.246345319770587
QRC,50,0.1,0.1,0.3,4.389048233103442
QRC,50,0.1,0.12,0.0,0.0048124628964795
QRC,50,0.1,0.12,0.05,7.879416510933372
QRC,50,0.1,0.12,0.12,6.940445240499528
QRC,50,0.1,0.12,0.22,5.189849976799954
QRC,50,0.1,0.12,0.3,4.474766683659391
QRC,50,0.1,0.16,0.0,0.0024958851321549
QRC,50,0.1,0.16,0.05,6.989564138696976
QRC,50,0.1,0.16,0.12,6.173802242470243
QRC,50,0.1,0.16,0.22,4.982102037754145
QRC,50,0.1,0.16,0.3,4.597346555145387
QRC,50,0.1,0.28,0.0,0.0068877894387161
QRC,50,0.1,0.28,0.05,4.735899517990556
QRC,50,0.1,0.28,0.12,4.248761129499011
QRC,50,0.1,0.28,0.22,3.96264079382377
QRC,50,0.1,0.28,0.3,3.911382988005761
QRC,50,0.1,0.42,0.0,0.0
QRC,50,0.1,0.42,0.05,7.2212144073948705
QRC,50,0.1,0.42,0.12,6.302660184615796
QRC,50,0.1,0.42,0.22,5.369820656483776
QRC,50,0.1,0.42,0.3,4.673006711051345
QRC,50,0.22,0.0,0.0,0.0
QRC,50,0.22,0.0,0.05,0.0
QRC,50,0.22,0.0,0.12,0.0
QRC,50,0.22,0.0,0.22,0.0
QRC,50,0.22,0.0,0.3,0.0
QRC,50,0.22,0.05,0.0,0.0
QRC,50,0.22,0.05,0.05,3.102020679821929
QRC,50,0.22,0.05,0.12,3.772547530852752
QRC,50,0.22,0.05,0.22,3.696491417609746
QRC,50,0.22,0.05,0.3,3.334395974257069
QRC,50,0.22,0.1,0.0,0.0036334210760228
QRC,50,0.22,0.1,0.05,4.05618005683025
QRC,50,0.22,0.1,0.12,4.192035010100987
QRC,50,0.22,0.1,0.22,3.353436559621036
QRC,50,0.22,0.1,0.3,2.7610019656542395
QRC,50,0.22,0.12,0.0,0.0
QRC,50,0.22,0.12,0.05,4.053989442187344
QRC,50,0.22,0.12,0.12,4.152060899807269
QRC,50,0.22,0.12,0.22,3.4183243410650617
QRC,50,0.22,0.12,0.3,2.817648560255126
QRC,50,0.22,0.16,0.0,0.0
QRC,50,0.22,0.16,0.05,3.5253533693571417
QRC,50,0.22,0.16,0.12,3.8757564822190194
QRC,50,0.22,0.16,0.22,3.407624085584599
QRC,50,0.22,0.16,0.3,2.8759950990324894
QRC,50,0.22,0.28,0.0,0.0255836525041618
QRC,50,0.22,0.28,0.05,2.272955145445336
QRC,50,0.22,0.28,0.12,2.654756301410271
QRC,50,0.22,0.28,0.22,2.879106707967124
QRC,50,0.22,0.28,0.3,2.701903982662444
QRC,50,0.22,0.42,0.0,0.0
QRC,50,0.22,0.42,0.05,3.4313259412105848
QRC,50,0.22,0.42,0.12,4.095208753093538
QRC,50,0.22,0.42,0.22,3.230717514053309
QRC,50,0.22,0.42,0.3,2.812434993507646
QRC,50,0.5,0.0,0.0,0.0
QRC,50,0.5,0.0,0.05,0.0
QRC,50,0.5,0.0,0.12,0.0
QRC,50,0.5,0.0,0.22,0.0
QRC,50,0.5,0.0,0.3,0.0
QRC,50,0.5,0.05,0.0,0.0
QRC,50,0.5,0.05,0.05,0.7167397932393849
QRC,50,0.5,0.05,0.12,0.9344562257602274
QRC,50,0.5,0.05,0.22,1.2333698104402235
QRC,50,0.5,0.05,0.3,1.4127415401955172
QRC,50,0.5,0.1,0.0,0.0
QRC,50,0.5,0.1,0.05,0.9433641245517088
QRC,50,0.5,0.1,0.12,1.3054285570701796
QRC,50,0.5,0.1,0.22,1.292400792317831
QRC,50,0.5,0.1,0.3,1.4103307882799614
QRC,50,0.5,0.12,0.0,0.0020566884204012
QRC,50,0.5,0.12,0.05,1.0284291933524838
QRC,50,0.5,0.12,0.12,1.3547935633693018
QRC,50,0.5,0.12,0.22,1.4069416505366168
QRC,50,0.5,0.12,0.3,1.4160223955897675
QRC,50,0.5,0.16,0.0,0.0
QRC,50,0.5,0.16,0.05,0.9564527770197
QRC,50,0.5,0.16,0.12,1.2977774231950363
QRC,50,0.5,0.16,0.22,1.338392064670193
QRC,50,0.5,0.16,0.3,1.2699856592348455
QRC,50,0.5,0.28,0.0,0.0
QRC,50,0.5,0.28,0.05,1.0506705806716576
QRC,50,0.5,0.28,0.12,1.3189037808667965
QRC,50,0.5,0.28,0.22,1.2349548016590628
QRC,50,0.5,0.28,0.3,1.1744449350435793
QRC,50,0.5,0.42,0.0,0.0
QRC,50,0.5,0.42,0.05,0.7151939497682684
QRC,50,0.5,0.42,0.12,1.127294520393208
QRC,50,0.5,0.42,0.22,1.2523114064254048
QRC,50,0.5,0.42,0.3,1.4160718195582562
QRC,51,0.0,0.0,0.0,0.0
QRC,51,0.0,0.0,0.05,0.0
QRC,51,0.0,0.0,0.12,0.0
QRC,51,0.0,0.0,0.22,0.0
QRC,51,0.0,0.0,0.3,0.0
QRC,51,0.0,0.05,0.0,0.0
QRC,51,0.0,0.05,0.05,0.0
QRC,51,0.0,0.05,0.12,0.0
QRC,51,0.0,0.05,0.22,0.0
QRC,51,0.0,0.05,0.3,0.0
QRC,51,0.0,0.1,0.0,0.0076212677142807
QRC,51,0.0,0.1,0.05,0.0
QRC,51,0.0,0.1,0.12,0.0
QRC,51,0.0,0.1,0.22,0.0
QRC,51,0.0,0.1,0.3,0.0
QRC,51,0.0,0.12,0.0,0.0
QRC,51,0.0,0.12,0.05,0.0
QRC,51,0.0,0.12,0.12,0.0
QRC,51,0.0,0.12,0.22,0.0
QRC,51,0.0,0.12,0.3,0.0
QRC,51,0.0,0.16,0.0,0.0115483222042379
QRC,51,0.0,0.16,0.05,0.0
QRC,51,0.0,0.16,0.12,0.0
QRC,51,0.0,0.16,0.22,0.0
QRC,51,0.0,0.16,0.3,0.0
QRC,51,0.0,0.28,0.0,0.0
QRC,51,0.0,0.28,0.05,0.0
QRC,51,0.0,0.28,0.12,0.0
QRC,51,0.0,0.28,0.22,0.0
QRC,51,0.0,0.28,0.3,0.0
QRC,51,0.0,0.42,0.0,0.0056837699125906
QRC,51,0.0,0.42,0.05,0.0
QRC,51,0.0,0.42,0.12,0.0
QRC,51,0.0,0.42,0.22,0.0
QRC,51,0.0,0.42,0.3,0.0
QRC,51,0.02,0.0,0.0,0.0
QRC,51,0.02,0.0,0.05,0.0
QRC,51,0.02,0.0,0.12,0.0
QRC,51,0.02,0.0,0.22,0.0
QRC,51,0.02,0.0,0.3,0.0
QRC,51,0.02,0.05,0.0,0.0
QRC,51,0.02,0.05,0.05,12.102598316031486
QRC,51,0.02,0.05,0.12,10.95365277643552
QRC,51,0.02,0.05,0.22,8.043454230848011
QRC,51,0.02,0.05,0.3,6.37059961743906
QRC,51,0.02,0.1,0.0,0.0264236309400773
QRC,51,0.02,0.1,0.05,10.652603338225202
QRC,51,0.02,0.1,0.12,9.465720549758323
QRC,51,0.02,0.1,0.22,7.578508557125001
QRC,51,0.02,0.1,0.3,6.70868101253811
QRC,51,0.02,0.12,0.0,0.0
QRC,51,0.02,0.12,0.05,11.12895272954647
QRC,51,0.02,0.12,0.12,9.339255562689036
QRC,51,0.02,0.12,0.22,7.739122942454401
QRC,51,0.02,0.12,0.3,6.833963270406184
QRC,51,0.02,0.16,0.0,0.0
QRC,51,0.02,0.16,0.05,10.661580588921192
QRC,51,0.02,0.16,0.12,9.383189641792884
QRC,51,0.02,0.16,0.22,7.342269761398832
QRC,51,0.02,0.16,0.3,6.101248798268521
QRC,51,0.02,0.28,0.0,0.0
QRC,51,0.02,0.28,0.05,9.629044854940089
QRC,51,0.02,0.28,0.12,7.995395248958925
QRC,51,0.02,0.28,0.22,6.490585730491379
QRC,51,0.02,0.28,0.3,6.013205930980849
QRC,51,0.02,0.42,0.0,0.0
QRC,51,0.02,0.42,0.05,11.505809982149207
QRC,51,0.02,0.42,0.12,9.945208505392698
QRC,51,0.02,0.42,0.22,7.361836296837315
QRC,51,0.02,0.42,0.3,6.504333644211831
QRC,51,0.04,0.0,0.0,0.0
QRC,51,0.04,0.0,0.05,0.0
QRC,51,0.04,0.0,0.12,0.0
QRC,51,0.04,0.0,0.22,0.0
QRC,51,0.04,0.0,0.3,0.0
QRC,51,0.04,0.05,0.0,0.0084100079984887
QRC,51,0.04,0.05,0.05,10.46462064377279
QRC,51,0.04,0.05,0.12,9.315315868072378
QRC,51,0.04,0.05,0.22,7.050317456486699
QRC,51,0.04,0.05,0.3,5.766491127636482
QRC,51,0.04,0.1,0.0,0.0
QRC,51,0.04,0.1,0.05,8.970601852368457
QRC,51,0.04,0.1,0.12,8.229011237143197
QRC,51,0.04,0.1,0.22,6.821459873977292
QRC,51,0.04,0.1,0.3,6.220278771514488
QRC,51,0.04,0.12,0.0,0.0
QRC,51,0.04,0.12,0.05,9.341618403583892
QRC,51,0.04,0.12,0.12,8.210757714040568
QRC,51,0.04,0.12,0.22,6.882444233547121
QRC,51,0.04,0.12,0.3,6.188931251758193
QRC,51,0.04,0.16,0.0,0.0
QRC,51,0.04,0.16,0.05,8.826967389661121
QRC,51,0.04,0.16,0.12,8.030357789906573
QRC,51,0.04,0.16,0.22,6.3457475257382825
QRC,51,0.04,0.16,0.3,5.54705917475875
QRC,51,0.04,0.28,0.0,0.0
QRC,51,0.04,0.28,0.05,7.791179667073522
QRC,51,0.04,0.28,0.12,6.6029334316642725
QRC,51,0.04,0.28,0.22,5.833969791891484
QRC,51,0.04,0.28,0.3,5.525491096172431
QRC,51,0.04,0.42,0.0,0.0
QRC,51,0.04,0.42,0.05,9.78260387286658
QRC,51,0.04,0.42,0.12,8.503715551498265
QRC,51,0.04,0.42,0.22,6.527405277256636
QRC,51,0.04,0.42,0.3,5.946508680898149
QRC,51,0.07,0.0,0.0,0.0
QRC,51,0.07,0.0,0.05,0.0
QRC,51,0.07,0.0,0.12,0.0
QRC,51,0.07,0.0,0.22,0.0
QRC,51,0.07,0.0,0.3,0.0
QRC,51,0.07,0.05,0.0,0.0
QRC,51,0.07,0.05,0.05,8.352956927254388
QRC,51,0.07,0.05,0.12,7.58338967995013
QRC,51,0.07,0.05,0.22,5.902324216451851
QRC,51,0.07,0.05,0.3,5.049835753581835
QRC,51,0.07,0.1,0.0,0.0211646720660301
QRC,51,0.07,0.1,0.05,7.5855364829991325
QRC,51,0.07,0.1,0.12,7.292536926683052
QRC,51,0.07,0.1,0.22,6.04170417929946
QRC,51,0.07,0.1,0.3,5.335077893211208
QRC,51,0.07,0.12,0.0,0.0
QRC,51,0.07,0.12,0.05,7.937759652340087
QRC,51,0.07,0.12,0.12,7.170656800115235
QRC,51,0.07,0.12,0.22,5.931067077086462
QRC,51,0.07,0.12,0.3,5.226513100875495
QRC,51,0.07,0.16,0.0,0.0
QRC,51,0.07,0.16,0.05,7.351573491284329
QRC,51,0.07,0.16,0.12,6.7724474659419815
QRC,51,0.07,0.16,0.22,5.501335550607553
QRC,51,0.07,0.16,0.3,4.9430279361727525
QRC,51,0.07,0.28,0.0,0.0
QRC,51,0.07,0.28,0.05,6.061927812816643
QRC,51,0.07,0.28,0.12,5.550303656383198
QRC,51,0.07,0.28,0.22,5.228921758084617
QRC,51,0.07,0.28,0.3,4.808608262194882
QRC,51,0.07,0.42,0.0,0.0
QRC,51,0.07,0.42,0.05,8.170768074859966
QRC,51,0.07,0.42,0.12,7.27582321323532
QRC,51,0.07,0.42,0.22,5.795769733359371
QRC,51,0.07,0.42,0.3,5.2986857779160585
QRC,51,0.1,0.0,0.0,0.0
QRC,51,0.1,0.0,0.05,0.0
QRC,51,0.1,0.0,0.12,0.0
QRC,51,0.1,0.0,0.22,0.0
QRC,51,0.1,0.0,0.3,0.0
QRC,51,0.1,0.05,0.0,0.0
QRC,51,0.1,0.05,0.05,6.728294128164868
QRC,51,0.1,0.05,0.12,6.280984027080789
QRC,51,0.1,0.05,0.22,5.176334690475904
QRC,51,0.1,0.05,0.3,4.5217336559532
QRC,51,0.1,0.1,0.0,0.0028448202319182
QRC,51,0.1,0.1,0.05,6.662321541504737
QRC,51,0.1,0.1,0.12,6.582543694240612
QRC,51,0.1,0.1,0.22,5.343756566468875
QRC,51,0.1,0.1,0.3,4.596166459407856
QRC,51,0.1,0.12,0.0,0.0
QRC,51,0.1,0.12,0.05,6.945581715155164
QRC,51,0.1,0.12,0.12,6.274806593811395
QRC,51,0.1,0.12,0.22,5.057498164188798
QRC,51,0.1,0.12,0.3,4.456453431538341
QRC,51,0.1,0.16,0.0,0.0
QRC,51,0.1,0.16,0.05,6.202983912398929
QRC,51,0.1,0.16,0.12,5.892275198906741
QRC,51,0.1,0.16,0.22,4.903781246432186
QRC,51,0.1,0.16,0.3,4.387229076119239
QRC,51,0.1,0.28,0.0,0.0
QRC,51,0.1,0.28,0.05,4.9340556610774815
QRC,51,0.1,0.28,0.12,4.89281802103746
QRC,51,0.1,0.28,0.22,4.682927072764831
QRC,51,0.1,0.28,0.3,4.214379657131984
QRC,51,0.1,0.42,0.0,0.0
QRC,51,0.1,0.42,0.05,6.973176486749851
QRC,51,0.1,0.42,0.12,6.447928166620557
QRC,51,0.1,0.42,0.22,5.239658770713117
QRC,51,0.1,0.42,0.3,4.780355085234338
QRC,51,0.22,0.0,0.0,0.0
QRC,51,0.22,0.0,0.05,0.0
QRC,51,0.22,0.0,0.12,0.0
QRC,51,0.22,0.0,0.22,0.0
QRC,51,0.22,0.0,0.3,0.0
QRC,51,0.22,0.05,0.0,0.0
QRC,51,0.22,0.05,0.05,3.4906676907531
QRC,51,0.22,0.05,0.12,3.672155134046646
QRC,51,0.22,0.05,0.22,3.2941927173401737
QRC,51,0.22,0.05,0.3,3.013806732767935
QRC,51,0.22,0.1,0.0,0.0
QRC,51,0.22,0.1,0.05,3.7226667195644287
QRC,51,0.22,0.1,0.12,3.8548238021285366
QRC,51,0.22,0.1,0.22,3.3031211753094625
QRC,51,0.22,0.1,0.3,3.0932684524594265
QRC,51,0.22,0.12,0.0,0.0
QRC,51,0.22,0.12,0.05,3.4621490099190755
QRC,51,0.22,0.12,0.12,3.488863649912754
QRC,51,0.22,0.12,0.22,3.2610285774216243
QRC,51,0.22,0.12,0.3,3.105817673058961
QRC,51,0.22,0.16,0.0,0.0031043285892109
QRC,51,0.22,0.16,0.05,3.1436860831165103
QRC,51,0.22,0.16,0.12,3.566821325219375
QRC,51,0.22,0.16,0.22,3.1747443352303417
QRC,51,0.22,0.16,0.3,2.822641409961443
QRC,51,0.22,0.28,0.0,0.0
QRC,51,0.22,0.28,0.05,2.6994434850897577
QRC,51,0.22,0.28,0.12,3.1528560872770712
QRC,51,0.22,0.28,0.22,2.983787825230367
QRC,51,0.22,0.28,0.3,2.7421850164008417
QRC,51,0.22,0.42,0.0,0.0
QRC,51,0.22,0.42,0.05,3.696873230068292
QRC,51,0.22,0.42,0.12,3.8203224263799376
QRC,51,0.22,0.42,0.22,3.444957529436352
QRC,51,0.22,0.42,0.3,3.2186659422527697
QRC,51,0.5,0.0,0.0,0.0
QRC,51,0.5,0.0,0.05,0.0
QRC,51,0.5,0.0,0.12,0.0
QRC,51,0.5,0.0,0.22,0.0
QRC,51,0.5,0.0,0.3,0.0
QRC,51,0.5,0.05,0.0,0.0
QRC,51,0.5,0.05,0.05,1.0067085855522515
QRC,51,0.5,0.05,0.12,1.2091369069287048
QRC,51,0.5,0.05,0.22,1.1676322350414772
QRC,51,0.5,0.05,0.3,1.3493070994459442
QRC,51,0.5,0.1,0.0,0.0
QRC,51,0.5,0.1,0.05,1.1215242782241388
QRC,51,0.5,0.1,0.12,1.4380277432428654
QRC,51,0.5,0.1,0.22,1.6381959773257968
QRC,51,0.5,0.1,0.3,1.7162118114003189
QRC,51,0.5,0.12,0.0,0.0002107050627274
QRC,51,0.5,0.12,0.05,1.1613528653244392
QRC,51,0.5,0.12,0.12,1.5526984730000195
QRC,51,0.5,0.12,0.22,1.7802514666637697
QRC,51,0.5,0.12,0.3,1.8032718757819008
QRC,51,0.5,0.16,0.0,0.0
QRC,51,0.5,0.16,0.05,1.1700530529019773
QRC,51,0.5,0.16,0.12,1.4904260072375388
QRC,51,0.5,0.16,0.22,1.5407027822125938
QRC,51,0.5,0.16,0.3,1.527465062741226
QRC,51,0.5,0.28,0.0,0.0055554385675378
QRC,51,0.5,0.28,0.05,0.9307052171881776
QRC,51,0.5,0.28,0.12,1.3149991130748533
QRC,51,0.5,0.28,0.22,1.246999213073508
QRC,51,0.5,0.28,0.3,1.0206926771820797
QRC,51,0.5,0.42,0.0,0.0006327218436379
QRC,51,0.5,0.42,0.05,1.12028043999862
QRC,51,0.5,0.42,0.12,1.305354538403186
QRC,51,0.5,0.42,0.22,1.4665932335045797
QRC,51,0.5,0.42,0.3,1.5294589580853586
