config,task,seed,beta_pi,lambda_pi,gamma,mixer,input_mode,features,val_nmse,test_nmse,alpha
rxzzrx_u_b005_l080_g08,mackey_glass,42,0.005,0.08,0.08,rx_zz_rx,uniform,16,0.000757251281539,0.0008732125708717,1e-08
rxzzrx_u_b005_l080_g08,narma10,42,0.005,0.08,0.08,rx_zz_rx,uniform,16,0.1963477396275109,0.1879076189047547,1e-08
rxzzrx_u_b005_l080_g08,lorenz,42,0.005,0.08,0.08,rx_zz_rx,uniform,16,0.0009044092153061,0.0010661433592891,1e-08
rxzzrx_u_b005_l080_g08,sunspots_annual,42,0.005,0.08,0.08,rx_zz_rx,uniform,16,0.1824211808232268,0.1748990235454154,1e-07
rxzzrx_u_b005_l080_g08,mackey_glass,43,0.005,0.08,0.08,rx_zz_rx,uniform,16,0.0003822957240724,0.0004255842231384,1e-08
rxzzrx_u_b005_l080_g08,narma10,43,0.005,0.08,0.08,rx_zz_rx,uniform,16,0.1953663862681145,0.233407552481985,1e-08
rxzzrx_u_b005_l080_g08,lorenz,43,0.005,0.08,0.08,rx_zz_rx,uniform,16,0.0003528357697388,0.0005289729604094,1e-08
rxzzrx_u_b005_l080_g08,sunspots_annual,43,0.005,0.08,0.08,rx_zz_rx,uniform,16,0.2003354873131247,0.1948958910398283,1e-06
rxzzrx_u_b005_l080_g08,mackey_glass,44,0.005,0.08,0.08,rx_zz_rx,uniform,16,0.0009421944262546,0.0011731504155349,1e-08
rxzzrx_u_b005_l080_g08,narma10,44,0.005,0.08,0.08,rx_zz_rx,uniform,16,0.2333365744906179,0.2189366730976532,1e-08
rxzzrx_u_b005_l080_g08,lorenz,44,0.005,0.08,0.08,rx_zz_rx,uniform,16,0.0009559681157603,0.0011971049873375,1e-08
rxzzrx_u_b005_l080_g08,sunspots_annual,44,0.005,0.08,0.08,rx_zz_rx,uniform,16,0.1634062164389795,0.1723867351856446,1e-08
rxzzrx_u_b005_l080_g08,mackey_glass,45,0.005,0.08,0.08,rx_zz_rx,uniform,16,0.0005057450541039,0.0004665283295323,1e-08
rxzzrx_u_b005_l080_g08,narma10,45,0.005,0.08,0.08,rx_zz_rx,uniform,16,0.1861851993780189,0.2048884627014801,1e-08
rxzzrx_u_b005_l080_g08,lorenz,45,0.005,0.08,0.08,rx_zz_rx,uniform,16,0.0006382056767713,0.0007072295556386,1e-08
rxzzrx_u_b005_l080_g08,sunspots_annual,45,0.005,0.08,0.08,rx_zz_rx,uniform,16,0.2122145529107158,0.2138245555432795,1e-08
rxzzrx_u_b005_l080_g08,mackey_glass,46,0.005,0.08,0.08,rx_zz_rx,uniform,16,0.0001729009983649,0.0002306220284053,1e-08
rxzzrx_u_b005_l080_g08,narma10,46,0.005,0.08,0.08,rx_zz_rx,uniform,16,0.2487022530629142,0.2556116749285171,1e-08
rxzzrx_u_b005_l080_g08,lorenz,46,0.005,0.08,0.08,rx_zz_rx,uniform,16,0.0001872645984071,0.0002435850584355,1e-08
rxzzrx_u_b005_l080_g08,sunspots_annual,46,0.005,0.08,0.08,rx_zz_rx,uniform,16,0.207187100602552,0.1996215761101053,1e-06
rxzzrx_u_b005_l080_g08,mackey_glass,47,0.005,0.08,0.08,rx_zz_rx,uniform,16,0.0001465441132214,0.0001580049398674,1e-08
rxzzrx_u_b005_l080_g08,narma10,47,0.005,0.08,0.08,rx_zz_rx,uniform,16,0.1585470418061156,0.2075369495547881,1e-08
rxzzrx_u_b005_l080_g08,lorenz,47,0.005,0.08,0.08,rx_zz_rx,uniform,16,0.0001582867732405,0.000172818409873,1e-08
rxzzrx_u_b005_l080_g08,sunspots_annual,47,0.005,0.08,0.08,rx_zz_rx,uniform,16,0.2087935980028607,0.2092344367807432,1e-06
rxzzrx_u_b005_l080_g08,mackey_glass,48,0.005,0.08,0.08,rx_zz_rx,uniform,16,0.000135971036444,0.0001401668974421,1e-08
rxzzrx_u_b005_l080_g08,narma10,48,0.005,0.08,0.08,rx_zz_rx,uniform,16,0.2047977777058168,0.1923816602960393,1e-07
rxzzrx_u_b005_l080_g08,lorenz,48,0.005,0.08,0.08,rx_zz_rx,uniform,16,9.111942190240316e-05,0.0001011642761499,1e-08
rxzzrx_u_b005_l080_g08,sunspots_annual,48,0.005,0.08,0.08,rx_zz_rx,uniform,16,0.1887226538884761,0.1862490046651962,1e-07
rxzzrx_u_b005_l080_g08,mackey_glass,49,0.005,0.08,0.08,rx_zz_rx,uniform,16,0.0002445679200458,0.0003476583245363,1e-08
rxzzrx_u_b005_l080_g08,narma10,49,0.005,0.08,0.08,rx_zz_rx,uniform,16,0.1779849052135012,0.2387600093668942,1e-08
rxzzrx_u_b005_l080_g08,lorenz,49,0.005,0.08,0.08,rx_zz_rx,uniform,16,0.0001671519595375,0.0003044123255722,1e-08
rxzzrx_u_b005_l080_g08,sunspots_annual,49,0.005,0.08,0.08,rx_zz_rx,uniform,16,0.4085319085159178,0.2828076973083085,1e-08
rxzzrx_u_b005_l080_g08,mackey_glass,50,0.005,0.08,0.08,rx_zz_rx,uniform,16,0.0018312770131646,0.0020829001501708,1e-08
rxzzrx_u_b005_l080_g08,narma10,50,0.005,0.08,0.08,rx_zz_rx,uniform,16,0.3133345504030996,0.2368210773183142,1e-08
rxzzrx_u_b005_l080_g08,lorenz,50,0.005,0.08,0.08,rx_zz_rx,uniform,16,0.001816160245554,0.0020565007838609,1e-08
rxzzrx_u_b005_l080_g08,sunspots_annual,50,0.005,0.08,0.08,rx_zz_rx,uniform,16,0.1868721002012159,0.2100724552329581,1e-08
rxzzrx_u_b005_l080_g08,mackey_glass,51,0.005,0.08,0.08,rx_zz_rx,uniform,16,0.0001659691941184,0.0001581015638499,1e-08
rxzzrx_u_b005_l080_g08,narma10,51,0.005,0.08,0.08,rx_zz_rx,uniform,16,0.258114319520966,0.2797197560334745,1e-08
rxzzrx_u_b005_l080_g08,lorenz,51,0.005,0.08,0.08,rx_zz_rx,uniform,16,0.0001926280197258,0.0001568525492668,1e-08
rxzzrx_u_b005_l080_g08,sunspots_annual,51,0.005,0.08,0.08,rx_zz_rx,uniform,16,0.2913832822542473,0.2734692891320472,1e-06
rxzzrx_u_b010_l050_g08,mackey_glass,42,0.01,0.05,0.08,rx_zz_rx,uniform,16,0.0002582798369517,0.0002559421418424,1e-08
rxzzrx_u_b010_l050_g08,narma10,42,0.01,0.05,0.08,rx_zz_rx,uniform,16,0.2060951381008236,0.23055195147561,1e-08
rxzzrx_u_b010_l050_g08,lorenz,42,0.01,0.05,0.08,rx_zz_rx,uniform,16,0.00057620052873,0.0007270695476655,1e-08
rxzzrx_u_b010_l050_g08,sunspots_annual,42,0.01,0.05,0.08,rx_zz_rx,uniform,16,0.2037295593267035,0.1486699455330264,1e-07
rxzzrx_u_b010_l050_g08,mackey_glass,43,0.01,0.05,0.08,rx_zz_rx,uniform,16,0.0004103712743878,0.0004641002002886,1e-08
rxzzrx_u_b010_l050_g08,narma10,43,0.01,0.05,0.08,rx_zz_rx,uniform,16,0.1682014957130733,0.1935666433272642,1e-08
rxzzrx_u_b010_l050_g08,lorenz,43,0.01,0.05,0.08,rx_zz_rx,uniform,16,0.0003971766711524,0.0004302386375104,1e-08
rxzzrx_u_b010_l050_g08,sunspots_annual,43,0.01,0.05,0.08,rx_zz_rx,uniform,16,0.1784982329450614,0.1750675924495912,1e-06
rxzzrx_u_b010_l050_g08,mackey_glass,44,0.01,0.05,0.08,rx_zz_rx,uniform,16,0.0009388551415106,0.0010906936213541,1e-08
rxzzrx_u_b010_l050_g08,narma10,44,0.01,0.05,0.08,rx_zz_rx,uniform,16,0.2506818555188773,0.2236101621419304,1e-08
rxzzrx_u_b010_l050_g08,lorenz,44,0.01,0.05,0.08,rx_zz_rx,uniform,16,0.0008929429556491,0.0010309919950118,1e-08
rxzzrx_u_b010_l050_g08,sunspots_annual,44,0.01,0.05,0.08,rx_zz_rx,uniform,16,0.1705410968786386,0.225221711290792,1e-07
rxzzrx_u_b010_l050_g08,mackey_glass,45,0.01,0.05,0.08,rx_zz_rx,uniform,16,0.0004488081931235,0.0004926586170795,1e-08
rxzzrx_u_b010_l050_g08,narma10,45,0.01,0.05,0.08,rx_zz_rx,uniform,16,0.272693223954948,0.2857530562967942,1e-08
rxzzrx_u_b010_l050_g08,lorenz,45,0.01,0.05,0.08,rx_zz_rx,uniform,16,0.0004207795810748,0.0005263994432573,1e-08
rxzzrx_u_b010_l050_g08,sunspots_annual,45,0.01,0.05,0.08,rx_zz_rx,uniform,16,0.1929685835704217,0.1766191212336506,1e-08
rxzzrx_u_b010_l050_g08,mackey_glass,46,0.01,0.05,0.08,rx_zz_rx,uniform,16,0.0002320368224204,0.0002972401875852,1e-08
rxzzrx_u_b010_l050_g08,narma10,46,0.01,0.05,0.08,rx_zz_rx,uniform,16,0.1910551184473576,0.161109373975984,1e-08
rxzzrx_u_b010_l050_g08,lorenz,46,0.01,0.05,0.08,rx_zz_rx,uniform,16,0.0002297441900315,0.0002615260920057,1e-08
rxzzrx_u_b010_l050_g08,sunspots_annual,46,0.01,0.05,0.08,rx_zz_rx,uniform,16,0.2257574981641368,0.2010308063991557,1e-06
rxzzrx_u_b010_l050_g08,mackey_glass,47,0.01,0.05,0.08,rx_zz_rx,uniform,16,9.1228717906381e-05,9.180052018909316e-05,1e-08
rxzzrx_u_b010_l050_g08,narma10,47,0.01,0.05,0.08,rx_zz_rx,uniform,16,0.174140798589404,0.1780127892405588,1e-07
rxzzrx_u_b010_l050_g08,lorenz,47,0.01,0.05,0.08,rx_zz_rx,uniform,16,0.0001091796596764,0.0001225082014157,1e-08
rxzzrx_u_b010_l050_g08,sunspots_annual,47,0.01,0.05,0.08,rx_zz_rx,uniform,16,0.2265784690375953,0.1707492553933661,1e-06
rxzzrx_u_b010_l050_g08,mackey_glass,48,0.01,0.05,0.08,rx_zz_rx,uniform,16,9.415795044099484e-05,9.976616182754342e-05,1e-08
rxzzrx_u_b010_l050_g08,narma10,48,0.01,0.05,0.08,rx_zz_rx,uniform,16,0.2622139328258604,0.1948635465395542,1e-07
rxzzrx_u_b010_l050_g08,lorenz,48,0.01,0.05,0.08,rx_zz_rx,uniform,16,0.0001872866800702,0.0001933421986159,1e-08
rxzzrx_u_b010_l050_g08,sunspots_annual,48,0.01,0.05,0.08,rx_zz_rx,uniform,16,0.2151211790942894,0.1699636374017577,1e-06
rxzzrx_u_b010_l050_g08,mackey_glass,49,0.01,0.05,0.08,rx_zz_rx,uniform,16,0.0002065027183602,0.0002579626253122,1e-08
rxzzrx_u_b010_l050_g08,narma10,49,0.01,0.05,0.08,rx_zz_rx,uniform,16,0.1815633014080845,0.2506863636368691,1e-08
rxzzrx_u_b010_l050_g08,lorenz,49,0.01,0.05,0.08,rx_zz_rx,uniform,16,0.0001627590225932,0.0001895949539037,1e-08
rxzzrx_u_b010_l050_g08,sunspots_annual,49,0.01,0.05,0.08,rx_zz_rx,uniform,16,0.4144017917410998,0.2873142198032924,1e-08
rxzzrx_u_b010_l050_g08,mackey_glass,50,0.01,0.05,0.08,rx_zz_rx,uniform,16,0.0006700481809909,0.0008575015955987,1e-08
rxzzrx_u_b010_l050_g08,narma10,50,0.01,0.05,0.08,rx_zz_rx,uniform,16,0.2549539150632012,0.2297514203973037,1e-08
rxzzrx_u_b010_l050_g08,lorenz,50,0.01,0.05,0.08,rx_zz_rx,uniform,16,0.0012530578168118,0.0014810704468128,1e-08
rxzzrx_u_b010_l050_g08,sunspots_annual,50,0.01,0.05,0.08,rx_zz_rx,uniform,16,0.1899648124599285,0.1748145858961793,1e-07
rxzzrx_u_b010_l050_g08,mackey_glass,51,0.01,0.05,0.08,rx_zz_rx,uniform,16,0.0003033670442614,0.0003500412855598,1e-08
rxzzrx_u_b010_l050_g08,narma10,51,0.01,0.05,0.08,rx_zz_rx,uniform,16,0.220518789739156,0.2159019981499552,1e-08
rxzzrx_u_b010_l050_g08,lorenz,51,0.01,0.05,0.08,rx_zz_rx,uniform,16,0.0003026397553204,0.0003050959880575,1e-08
rxzzrx_u_b010_l050_g08,sunspots_annual,51,0.01,0.05,0.08,rx_zz_rx,uniform,16,0.2372985014224856,0.1395634078039904,1e-06
rxzzrx_u_b005_l050_g12,mackey_glass,42,0.005,0.05,0.12,rx_zz_rx,uniform,16,0.0003769349423562,0.0004046835681225,1e-08
rxzzrx_u_b005_l050_g12,narma10,42,0.005,0.05,0.12,rx_zz_rx,uniform,16,0.2122654299471152,0.2317965263188044,1e-08
rxzzrx_u_b005_l050_g12,lorenz,42,0.005,0.05,0.12,rx_zz_rx,uniform,16,0.0007168727832146,0.0008278605728453,1e-08
rxzzrx_u_b005_l050_g12,sunspots_annual,42,0.005,0.05,0.12,rx_zz_rx,uniform,16,0.2052046232659828,0.1470817579968655,1e-07
rxzzrx_u_b005_l050_g12,mackey_glass,43,0.005,0.05,0.12,rx_zz_rx,uniform,16,0.0004966072760138,0.0005540101901556,1e-08
rxzzrx_u_b005_l050_g12,narma10,43,0.005,0.05,0.12,rx_zz_rx,uniform,16,0.2343812778494783,0.252291531954554,1e-08
rxzzrx_u_b005_l050_g12,lorenz,43,0.005,0.05,0.12,rx_zz_rx,uniform,16,0.0005796124709616,0.0007327975123651,1e-08
rxzzrx_u_b005_l050_g12,sunspots_annual,43,0.005,0.05,0.12,rx_zz_rx,uniform,16,0.1914792073302016,0.1822873482249526,1e-06
rxzzrx_u_b005_l050_g12,mackey_glass,44,0.005,0.05,0.12,rx_zz_rx,uniform,16,0.0013849766998742,0.0017104314566187,1e-08
rxzzrx_u_b005_l050_g12,narma10,44,0.005,0.05,0.12,rx_zz_rx,uniform,16,0.2323474582505277,0.2562169830050212,1e-08
rxzzrx_u_b005_l050_g12,lorenz,44,0.005,0.05,0.12,rx_zz_rx,uniform,16,0.0011357726552205,0.0014588046468035,1e-08
rxzzrx_u_b005_l050_g12,sunspots_annual,44,0.005,0.05,0.12,rx_zz_rx,uniform,16,0.1761242188790249,0.1983052498154614,1e-07
rxzzrx_u_b005_l050_g12,mackey_glass,45,0.005,0.05,0.12,rx_zz_rx,uniform,16,0.0007933901032079,0.0007142192298727,1e-08
rxzzrx_u_b005_l050_g12,narma10,45,0.005,0.05,0.12,rx_zz_rx,uniform,16,0.2929116066399845,0.3156836068669111,1e-08
rxzzrx_u_b005_l050_g12,lorenz,45,0.005,0.05,0.12,rx_zz_rx,uniform,16,0.0007843603373102,0.000943245645247,1e-08
rxzzrx_u_b005_l050_g12,sunspots_annual,45,0.005,0.05,0.12,rx_zz_rx,uniform,16,0.1929721972472217,0.1718060270668368,1e-07
rxzzrx_u_b005_l050_g12,mackey_glass,46,0.005,0.05,0.12,rx_zz_rx,uniform,16,0.0002257054443327,0.0003113403791298,1e-08
rxzzrx_u_b005_l050_g12,narma10,46,0.005,0.05,0.12,rx_zz_rx,uniform,16,0.1663264333768832,0.178996222788552,1e-08
rxzzrx_u_b005_l050_g12,lorenz,46,0.005,0.05,0.12,rx_zz_rx,uniform,16,0.0002282728500346,0.0002764605224277,1e-08
rxzzrx_u_b005_l050_g12,sunspots_annual,46,0.005,0.05,0.12,rx_zz_rx,uniform,16,0.2092945375177791,0.180271302415217,1e-06
rxzzrx_u_b005_l050_g12,mackey_glass,47,0.005,0.05,0.12,rx_zz_rx,uniform,16,0.0001656477488785,0.0001655876882019,1e-08
rxzzrx_u_b005_l050_g12,narma10,47,0.005,0.05,0.12,rx_zz_rx,uniform,16,0.1483684417946228,0.2001783065169229,1e-08
rxzzrx_u_b005_l050_g12,lorenz,47,0.005,0.05,0.12,rx_zz_rx,uniform,16,0.0001866212677125,0.0002415122684016,1e-08
rxzzrx_u_b005_l050_g12,sunspots_annual,47,0.005,0.05,0.12,rx_zz_rx,uniform,16,0.185722059204663,0.1769016286528553,1e-06
rxzzrx_u_b005_l050_g12,mackey_glass,48,0.005,0.05,0.12,rx_zz_rx,uniform,16,0.0001066047052573,0.0001225552775356,1e-08
rxzzrx_u_b005_l050_g12,narma10,48,0.005,0.05,0.12,rx_zz_rx,uniform,16,0.1794865571998573,0.1960332328921532,1e-08
rxzzrx_u_b005_l050_g12,lorenz,48,0.005,0.05,0.12,rx_zz_rx,uniform,16,0.0001186307702891,0.0001332566064408,1e-08
rxzzrx_u_b005_l050_g12,sunspots_annual,48,0.005,0.05,0.12,rx_zz_rx,uniform,16,0.2142581691125789,0.1658716151228048,1e-06
rxzzrx_u_b005_l050_g12,mackey_glass,49,0.005,0.05,0.12,rx_zz_rx,uniform,16,0.0002277405455769,0.0003252072789546,1e-08
rxzzrx_u_b005_l050_g12,narma10,49,0.005,0.05,0.12,rx_zz_rx,uniform,16,0.1832528679470898,0.2468214595531453,1e-08
rxzzrx_u_b005_l050_g12,lorenz,49,0.005,0.05,0.12,rx_zz_rx,uniform,16,0.0002570863681881,0.0003432006421975,1e-08
rxzzrx_u_b005_l050_g12,sunspots_annual,49,0.005,0.05,0.12,rx_zz_rx,uniform,16,0.2127363298056617,0.1568141909586435,1e-08
rxzzrx_u_b005_l050_g12,mackey_glass,50,0.005,0.05,0.12,rx_zz_rx,uniform,16,0.0018166497402843,0.0017849720283326,1e-08
rxzzrx_u_b005_l050_g12,narma10,50,0.005,0.05,0.12,rx_zz_rx,uniform,16,0.3014444838054163,0.2497785990835776,1e-08
rxzzrx_u_b005_l050_g12,lorenz,50,0.005,0.05,0.12,rx_zz_rx,uniform,16,0.0023946858340413,0.002631116494694,1e-08
rxzzrx_u_b005_l050_g12,sunspots_annual,50,0.005,0.05,0.12,rx_zz_rx,uniform,16,0.1739712418944095,0.1571131062939179,1e-07
rxzzrx_u_b005_l050_g12,mackey_glass,51,0.005,0.05,0.12,rx_zz_rx,uniform,16,0.0003329876557992,0.0004251142395526,1e-08
rxzzrx_u_b005_l050_g12,narma10,51,0.005,0.05,0.12,rx_zz_rx,uniform,16,0.2106321275401185,0.2326704089956644,1e-08
rxzzrx_u_b005_l050_g12,lorenz,51,0.005,0.05,0.12,rx_zz_rx,uniform,16,0.0003781898908094,0.0003562253848273,1e-08
rxzzrx_u_b005_l050_g12,sunspots_annual,51,0.005,0.05,0.12,rx_zz_rx,uniform,16,0.2044388483189708,0.1721185497011876,1e-06
rxzzrx_u_b005_l050_g08,mackey_glass,42,0.005,0.05,0.08,rx_zz_rx,uniform,16,0.0007985166118679,0.0009477080781094,1e-08
rxzzrx_u_b005_l050_g08,narma10,42,0.005,0.05,0.08,rx_zz_rx,uniform,16,0.2076401776933019,0.2101432005125104,1e-08
rxzzrx_u_b005_l050_g08,lorenz,42,0.005,0.05,0.08,rx_zz_rx,uniform,16,0.0016802708058191,0.0019052785422498,1e-08
rxzzrx_u_b005_l050_g08,sunspots_annual,42,0.005,0.05,0.08,rx_zz_rx,uniform,16,0.2141436631529574,0.1658916178927695,1e-08
rxzzrx_u_b005_l050_g08,mackey_glass,43,0.005,0.05,0.08,rx_zz_rx,uniform,16,0.0007432853030286,0.0008477347305198,1e-08
rxzzrx_u_b005_l050_g08,narma10,43,0.005,0.05,0.08,rx_zz_rx,uniform,16,0.1710567047174204,0.194651879082953,1e-08
rxzzrx_u_b005_l050_g08,lorenz,43,0.005,0.05,0.08,rx_zz_rx,uniform,16,0.0008149036839542,0.0008933326094654,1e-08
rxzzrx_u_b005_l050_g08,sunspots_annual,43,0.005,0.05,0.08,rx_zz_rx,uniform,16,0.1940270480377629,0.1985392712272403,1e-07
rxzzrx_u_b005_l050_g08,mackey_glass,44,0.005,0.05,0.08,rx_zz_rx,uniform,16,0.001564577104758,0.0019534006330698,1e-08
rxzzrx_u_b005_l050_g08,narma10,44,0.005,0.05,0.08,rx_zz_rx,uniform,16,0.2293197067438568,0.2242393795460184,1e-08
rxzzrx_u_b005_l050_g08,lorenz,44,0.005,0.05,0.08,rx_zz_rx,uniform,16,0.001267361028404,0.0014014724932849,1e-08
rxzzrx_u_b005_l050_g08,sunspots_annual,44,0.005,0.05,0.08,rx_zz_rx,uniform,16,0.1873548416395183,0.2751878516479593,1e-08
rxzzrx_u_b005_l050_g08,mackey_glass,45,0.005,0.05,0.08,rx_zz_rx,uniform,16,0.000741804238081,0.0007390053005264,1e-08
rxzzrx_u_b005_l050_g08,narma10,45,0.005,0.05,0.08,rx_zz_rx,uniform,16,0.2357406956169085,0.2464909266945921,1e-08
rxzzrx_u_b005_l050_g08,lorenz,45,0.005,0.05,0.08,rx_zz_rx,uniform,16,0.0006253530308505,0.0007934265744262,1e-08
rxzzrx_u_b005_l050_g08,sunspots_annual,45,0.005,0.05,0.08,rx_zz_rx,uniform,16,0.2122854452532704,0.2073522816118706,1e-08
rxzzrx_u_b005_l050_g08,mackey_glass,46,0.005,0.05,0.08,rx_zz_rx,uniform,16,0.0003151704728838,0.0004478925183331,1e-08
rxzzrx_u_b005_l050_g08,narma10,46,0.005,0.05,0.08,rx_zz_rx,uniform,16,0.1831985018710314,0.1543794666498118,1e-08
rxzzrx_u_b005_l050_g08,lorenz,46,0.005,0.05,0.08,rx_zz_rx,uniform,16,0.0004122863712675,0.0005377553064571,1e-08
rxzzrx_u_b005_l050_g08,sunspots_annual,46,0.005,0.05,0.08,rx_zz_rx,uniform,16,0.1986773410314111,0.2329300112598148,1e-08
rxzzrx_u_b005_l050_g08,mackey_glass,47,0.005,0.05,0.08,rx_zz_rx,uniform,16,0.000186114940776,0.0001858456138373,1e-08
rxzzrx_u_b005_l050_g08,narma10,47,0.005,0.05,0.08,rx_zz_rx,uniform,16,0.1713937055097409,0.1753012558344066,1e-08
rxzzrx_u_b005_l050_g08,lorenz,47,0.005,0.05,0.08,rx_zz_rx,uniform,16,0.0002247669568718,0.0002585382579522,1e-08
rxzzrx_u_b005_l050_g08,sunspots_annual,47,0.005,0.05,0.08,rx_zz_rx,uniform,16,0.2430809371455083,0.2164681862842711,1e-06
rxzzrx_u_b005_l050_g08,mackey_glass,48,0.005,0.05,0.08,rx_zz_rx,uniform,16,0.0001388509026045,0.0001952537538517,1e-08
rxzzrx_u_b005_l050_g08,narma10,48,0.005,0.05,0.08,rx_zz_rx,uniform,16,0.2583086517549435,0.200517893356915,1e-07
rxzzrx_u_b005_l050_g08,lorenz,48,0.005,0.05,0.08,rx_zz_rx,uniform,16,0.0002758007313683,0.0003066692863683,1e-08
rxzzrx_u_b005_l050_g08,sunspots_annual,48,0.005,0.05,0.08,rx_zz_rx,uniform,16,0.2256148828231639,0.1857824323644046,1e-07
rxzzrx_u_b005_l050_g08,mackey_glass,49,0.005,0.05,0.08,rx_zz_rx,uniform,16,0.0002704990050586,0.0004605981145197,1e-08
rxzzrx_u_b005_l050_g08,narma10,49,0.005,0.05,0.08,rx_zz_rx,uniform,16,0.1794846564895565,0.2417624434252389,1e-08
rxzzrx_u_b005_l050_g08,lorenz,49,0.005,0.05,0.08,rx_zz_rx,uniform,16,0.0002707375342323,0.0004289817600612,1e-08
rxzzrx_u_b005_l050_g08,sunspots_annual,49,0.005,0.05,0.08,rx_zz_rx,uniform,16,0.623116250775436,0.4350264969498998,1e-08
rxzzrx_u_b005_l050_g08,mackey_glass,50,0.005,0.05,0.08,rx_zz_rx,uniform,16,0.0014406544055671,0.0018153361483931,1e-08
rxzzrx_u_b005_l050_g08,narma10,50,0.005,0.05,0.08,rx_zz_rx,uniform,16,0.2552388340393717,0.2309894644971093,1e-08
rxzzrx_u_b005_l050_g08,lorenz,50,0.005,0.05,0.08,rx_zz_rx,uniform,16,0.0021669115156764,0.0027576761113417,1e-08
rxzzrx_u_b005_l050_g08,sunspots_annual,50,0.005,0.05,0.08,rx_zz_rx,uniform,16,0.1969458895619901,0.1824730281043268,1e-08
rxzzrx_u_b005_l050_g08,mackey_glass,51,0.005,0.05,0.08,rx_zz_rx,uniform,16,0.0005132581561196,0.000612406105585,1e-08
rxzzrx_u_b005_l050_g08,narma10,51,0.005,0.05,0.08,rx_zz_rx,uniform,16,0.214859169244131,0.2048171710152303,1e-08
rxzzrx_u_b005_l050_g08,lorenz,51,0.005,0.05,0.08,rx_zz_rx,uniform,16,0.0004233131468589,0.000350227094769,1e-08
rxzzrx_u_b005_l050_g08,sunspots_annual,51,0.005,0.05,0.08,rx_zz_rx,uniform,16,0.2367648061205143,0.146467905811181,1e-07
rxzzrx_u_b010_l050_g16,mackey_glass,42,0.01,0.05,0.16,rx_zz_rx,uniform,16,0.0001132260184539,0.0001115786584576,1e-08
rxzzrx_u_b010_l050_g16,narma10,42,0.01,0.05,0.16,rx_zz_rx,uniform,16,0.245006135387264,0.2480486876180237,1e-08
rxzzrx_u_b010_l050_g16,lorenz,42,0.01,0.05,0.16,rx_zz_rx,uniform,16,0.0001416890230832,0.0001619543566788,1e-08
rxzzrx_u_b010_l050_g16,sunspots_annual,42,0.01,0.05,0.16,rx_zz_rx,uniform,16,0.212465636244283,0.1634894327270161,1e-06
rxzzrx_u_b010_l050_g16,mackey_glass,43,0.01,0.05,0.16,rx_zz_rx,uniform,16,0.0001922889344129,0.0002193086592882,1e-08
rxzzrx_u_b010_l050_g16,narma10,43,0.01,0.05,0.16,rx_zz_rx,uniform,16,0.3283316546015834,0.333640415907263,1e-08
rxzzrx_u_b010_l050_g16,lorenz,43,0.01,0.05,0.16,rx_zz_rx,uniform,16,0.0001777920891798,0.0002605839721623,1e-08
rxzzrx_u_b010_l050_g16,sunspots_annual,43,0.01,0.05,0.16,rx_zz_rx,uniform,16,0.2139964383434893,0.2260408155431563,1e-05
rxzzrx_u_b010_l050_g16,mackey_glass,44,0.01,0.05,0.16,rx_zz_rx,uniform,16,0.0007967976458281,0.0008731168461087,1e-08
rxzzrx_u_b010_l050_g16,narma10,44,0.01,0.05,0.16,rx_zz_rx,uniform,16,0.2638756704681948,0.3136163670137616,1e-08
rxzzrx_u_b010_l050_g16,lorenz,44,0.01,0.05,0.16,rx_zz_rx,uniform,16,0.0008550988534743,0.0011556780852345,1e-08
rxzzrx_u_b010_l050_g16,sunspots_annual,44,0.01,0.05,0.16,rx_zz_rx,uniform,16,0.2218280256243155,0.1915229106852971,1e-06
rxzzrx_u_b010_l050_g16,mackey_glass,45,0.01,0.05,0.16,rx_zz_rx,uniform,16,0.0003555670064498,0.0003713371454813,1e-08
rxzzrx_u_b010_l050_g16,narma10,45,0.01,0.05,0.16,rx_zz_rx,uniform,16,0.3457578672116386,0.3813207672974861,1e-08
rxzzrx_u_b010_l050_g16,lorenz,45,0.01,0.05,0.16,rx_zz_rx,uniform,16,0.0004291072284407,0.0005384053480558,1e-08
rxzzrx_u_b010_l050_g16,sunspots_annual,45,0.01,0.05,0.16,rx_zz_rx,uniform,16,0.1861963409561909,0.1711460733290124,1e-06
rxzzrx_u_b010_l050_g16,mackey_glass,46,0.01,0.05,0.16,rx_zz_rx,uniform,16,0.0001475671149665,0.0001785634764908,1e-08
rxzzrx_u_b010_l050_g16,narma10,46,0.01,0.05,0.16,rx_zz_rx,uniform,16,0.1945500073347016,0.2253966107855716,1e-08
rxzzrx_u_b010_l050_g16,lorenz,46,0.01,0.05,0.16,rx_zz_rx,uniform,16,0.0001092270578194,0.0001191197187154,1e-08
rxzzrx_u_b010_l050_g16,sunspots_annual,46,0.01,0.05,0.16,rx_zz_rx,uniform,16,0.199130757422704,0.1876674736021669,1e-05
rxzzrx_u_b010_l050_g16,mackey_glass,47,0.01,0.05,0.16,rx_zz_rx,uniform,16,6.608922304329882e-05,6.098533933338732e-05,1e-08
rxzzrx_u_b010_l050_g16,narma10,47,0.01,0.05,0.16,rx_zz_rx,uniform,16,0.1631794000000173,0.2346574882684729,1e-08
rxzzrx_u_b010_l050_g16,lorenz,47,0.01,0.05,0.16,rx_zz_rx,uniform,16,0.0001004840427805,0.0001243813428164,1e-08
rxzzrx_u_b010_l050_g16,sunspots_annual,47,0.01,0.05,0.16,rx_zz_rx,uniform,16,0.2098705088298751,0.2199322513644871,0.0001
rxzzrx_u_b010_l050_g16,mackey_glass,48,0.01,0.05,0.16,rx_zz_rx,uniform,16,6.745458574589961e-05,6.163004794748102e-05,1e-08
rxzzrx_u_b010_l050_g16,narma10,48,0.01,0.05,0.16,rx_zz_rx,uniform,16,0.183601005424389,0.2374543028023304,1e-08
rxzzrx_u_b010_l050_g16,lorenz,48,0.01,0.05,0.16,rx_zz_rx,uniform,16,9.369741333411372e-05,0.0001019354153813,1e-08
rxzzrx_u_b010_l050_g16,sunspots_annual,48,0.01,0.05,0.16,rx_zz_rx,uniform,16,0.2844109799941029,0.135147011247904,1e-07
rxzzrx_u_b010_l050_g16,mackey_glass,49,0.01,0.05,0.16,rx_zz_rx,uniform,16,0.0001085892782249,0.0001532268927242,1e-08
rxzzrx_u_b010_l050_g16,narma10,49,0.01,0.05,0.16,rx_zz_rx,uniform,16,0.2123911698380667,0.2841358297286441,1e-08
rxzzrx_u_b010_l050_g16,lorenz,49,0.01,0.05,0.16,rx_zz_rx,uniform,16,0.0002037225058119,0.000219472518146,1e-08
rxzzrx_u_b010_l050_g16,sunspots_annual,49,0.01,0.05,0.16,rx_zz_rx,uniform,16,0.2206742293814051,0.204825599701469,1e-05
rxzzrx_u_b010_l050_g16,mackey_glass,50,0.01,0.05,0.16,rx_zz_rx,uniform,16,0.0005114802304163,0.0005647825637654,1e-08
rxzzrx_u_b010_l050_g16,narma10,50,0.01,0.05,0.16,rx_zz_rx,uniform,16,0.3310891189084004,0.2752328454477942,1e-08
rxzzrx_u_b010_l050_g16,lorenz,50,0.01,0.05,0.16,rx_zz_rx,uniform,16,0.0007568534936431,0.0008386282411788,1e-08
rxzzrx_u_b010_l050_g16,sunspots_annual,50,0.01,0.05,0.16,rx_zz_rx,uniform,16,0.1798083135652808,0.1982410052704608,1e-06
rxzzrx_u_b010_l050_g16,mackey_glass,51,0.01,0.05,0.16,rx_zz_rx,uniform,16,0.0001071473452251,0.0001483425315967,1e-08
rxzzrx_u_b010_l050_g16,narma10,51,0.01,0.05,0.16,rx_zz_rx,uniform,16,0.2243265274501575,0.2640702278564041,1e-08
rxzzrx_u_b010_l050_g16,lorenz,51,0.01,0.05,0.16,rx_zz_rx,uniform,16,0.0001895601130561,0.0001967558826927,1e-08
rxzzrx_u_b010_l050_g16,sunspots_annual,51,0.01,0.05,0.16,rx_zz_rx,uniform,16,0.2081290518749989,0.250653893599471,0.0001
